OBJECTID_BILLBOARD,LVBOARDS_,LVBOARDS_I,SIGN_TYPE,STREET_NUM,STREET_DIR,STREET_NAM,PARCEL,PARCELOLD,APPLICANT,SIGN_AREA,SIGN_HEIGH,TAG_NUM,APPLY_DATE,NOTES_SUP,NOTES_VAR,NOTES_RQR,NOTES,SIZE_,FIELD_CHEC,FREEWAY,APP_FIN,WARD_BILLBOARD,OBJECTID_1,CALC_ACRES,ASSR_ACRES,LABEL_CLAS,PARCELTYPE,PRCLID,PRCLKEY,PRCLVER,PCLBOOK,PCLSEC,PCLPAGE,PCLSUBD,PCLNO,TAXDIST_SP,FDPHANTOM,FIREMAPNO,CENTRACT,SHAPE_LENG,PRECINCT,COMMISSION,ASSEMBLY,SENATE,CONGRESS,TAZ,AREA,PERIMETER,WARD_PARCEL,CNTY_IS,SHADE,ACRES,SQ_MILES,ZIP,OBJECTID_PARCEL,TAXDIST,OWNER,ADDRESS1,ADDRESS2,ADDRESS3,ADDRESS4,ADDRESS5,NAMETAG,ZIPCODE,COMNAME,STRNO,STRFRAC,STRDIR,STRNAME,STRTYPE,STRCITY,STRUNIT,COMMENT1,COMMENT2,FIXD,SUBTAG,LEGAL1,LEGAL2,LEGAL3,LEGAL4,LEGAL5,LEGAL6,ASSDYR,CONSTYR,DOCDATE,FILLER1,DOCNO,DOCMULTI,DOCVEST,SALEPRICE,SALETYPE,SALEDATE,PORTION,BK1,BK2,SECTNO,TOWNSHIP,RANGE,LANDUSE,CAPACITY,LANDCD1,LANDACRE1,LANDVAL1,LANDCD2,LANDACRE2,LANDVAL2,IMPVAL,PRCD1,PRVAL1,PRCD2,PRVAL2,PRCD3,PRVAL3,EXMPCD,EXMPVAL,LYACRES,LYLNDVAL,LYIMPVAL,LYPPVAL,LYEXCD,LYEXVAL,LY2ACRES,LY2LNDVAL,LY2IMPVAL,LY2PPVAL,LY2EXCD,LY2EXVAL,OWNERNUM,OWNERDEN,ETALFLAG,UPDDATE,LASTUPDATE,LOTSQFT,OLDPARCEL,INACTPCL,INACTREF,FILLER2,PCLBOOK3,PCL5,PCL6,PCL8,OLDBOOK,OLDPCL,OLDPAGE,OLDLOT,OLDFILL,ZIPMAIN,ZIPLUS4,LOCATION,STR,ADBOOK,ADPAGE,ADDR_OWN,ADDRESS,INACTNEWPC,LUCODE,SHAPE_LE_1,Shape__Area,Shape__Length
301,0,0, ,1571,N,Decatur,13825503003,13825503003,Las Vegas Billboards,288.0,40.0,0.0,12/03/03,SUP-3061, ,RQR-39499; RQR-24404; RQR-11336, ,12x24,1,300,Finalled,5,546103.0,0.0,0.52,701.0,0.0,13825503003,701.0,701.0,138,25,5,03,003,207.0,2321-19,2321.0,108.0,16570.8696552,4008.0,D,3.0,3.0,4.0,380.0,,265026.231717,5,0.0,113.0,9805.19074535,15.32061054,89108.0,242662.0,207.0,ALOHA IMPERIAL PLAZA SHOPPING L,98-627 KAAHELE ST,AIEA HI 96701, , , , ,967010000.0, ,4907.0, , ,VEGAS,DR,LV,170, , ,00000000, ,PT NE4 NE4 SEC 25 20 60, , , , , ,2027.0,1963.0,20220923, ,2022092301363, ,NS,188000.0,R,20150101, , , ,25,20,60,355000.0,1.0, ,1.0,83243.0, ,0.0,0.0,115870.0, ,0.0, ,0.0, ,0.0, ,0.0,0.0,75315.0,115758.0,0.0, ,0.0,0.0,0.0,0.0,0.0, ,0.0,0.0,0.0,N,20231117,20231117,0.0, ,13825503003,0.0, ,138,13825,138255,13825503,138,138255030,255,030,03,96701.0,0.0,004907     VEGAS                 DR  L,2520  60,0000,0000,ALOHA IMPERIAL PLAZA SHOPPING L 98-627 KAAHELE ST               AIEA HI 96701,004907     VEGAS                 DR, ,355.0,602.51833861,22686.955078125,602.5183386047065
302,0,0, ,6118,W,Sahara,16302802004,16302802004,Show Media,672.0,40.0,0.0,12/03/03,SUP-3115, ,RQR-41221; RQR-26970; RQR-11402, ,14x48,1,300,Final,1,588428.0,0.0,2.63,701.0,0.0,16302802004,701.0,701.0,163,02,8,02,004,200.0,2519-99,2519.0,2905.0,22083.861821,3009.0,C,10.0,3.0,4.0,545.0,,161583.305707,1,0.0,83.0,11202.3105405,17.50361022,89146.0,485900.0,200.0,6122 W SAHARA AVE L L C,1620 S LOS ANGELES ST # C,LOS ANGELES CA 90015, , , , ,900150000.0, ,6154.0, ,W,SAHARA,AVE,LV, ,CC-20130919:3347, ,00000000, ,PT SE4 SE4 SEC 02 21 60, , , , , ,2027.0,1990.0,20130919, ,2013091903348, ,NS,4400000.0,R,20130901, , , ,02,21,60,335000.0,1.0, ,3.0,801941.0, ,0.0,0.0,1122564.0, ,0.0, ,0.0, ,0.0,96,1025900.0,0.0,761844.0,1135993.0,0.0, ,1021417.0,0.0,0.0,0.0,0.0, ,0.0,0.0,0.0,N,20231117,20231117,0.0, ,16302802004,0.0, ,163,16302,163028,16302802,163,163028020,028,020,04,90015.0,0.0,006154   W SAHARA                AVE L,0221  60,0000,0000,6122 W SAHARA AVE L L C         1620 S LOS ANGELES ST # C       LOS ANGELES CA 90015,006154   W SAHARA                AVE, ,335.0,1676.06604259,116810.34765625,1676.0660425995309
303,0,0, ,793,N,Nellis,14029802004,14029802004,Reagan National Advertising,672.0,40.0,0.0,12/17/03,SUP-2759,RQR-11127,RQR-26439, ,14x48,1,300,Final,3,556474.0,0.0,0.66,701.0,0.0,14029802004,701.0,701.0,140,29,8,02,004,200.0,2329-79,2329.0,515.0,16151.9000749,5005.0,E,28.0,2.0,1.0,1297.0,,150972.207738,3,0.0,57.0,8235.23370861,12.86755267,89110.0,353684.0,200.0,MIGUEL CONSTANTINO TRS,O'BRIEN ALICE MIGUEL TRS,140 S DECATUR BLVD,LAS VEGAS NV 89107, , , ,891070000.0, ,789.0, ,N,NELLIS,BLVD,LV, , , ,PM00520038        L1, ,PARCEL MAP FILE 52 PAGE 38,LOT 1, , , , ,2027.0,1986.0,20211203, ,2021120300154, ,NS,7093000.0,M,20211201, , , ,29,20,62,370000.0,1.0, ,1.0,100625.0, ,0.0,0.0,176630.0, ,0.0, ,0.0, ,0.0, ,0.0,0.0,93078.0,181690.0,0.0, ,0.0,0.0,0.0,0.0,0.0, ,0.0,0.0,0.0,Y,20231117,20231117,0.0, ,14029802004,0.0, ,140,14029,140298,14029802,140,140298020,298,020,04,89107.0,0.0,000789   N NELLIS                BLVDL,2920  62,0052,0038,MIGUEL CONSTANTINO TRS          O'BRIEN ALICE MIGUEL TRS        140 S DECATUR BLVD              LAS VEGAS NV 89107,000789   N NELLIS                BLVD, ,370.0,681.05055524,28417.10546875,681.0505552405336
304,0,0, ,2601, ,Westwood Dr.,16209102005,16209102005,Clear Channel Outdoor,624.0,55.0,0.0,12/17/03,SUP-3140; SUP-1499, ,RQR-33271; RQR-11401, ,24x26,1,750, ,1,576422.0,0.0,1.27,701.0,0.0,16209102005,701.0,701.0,162,09,1,02,005,212.0,2624-11,2624.0,2201.0,24882.7749149,5014.0,E,15.0,10.0,1.0,606.0,,150972.207738,3,0.0,57.0,8235.23370861,12.86755267,89109.0,444271.0,212.0,NEVADA LAND DEALS L L C,2605 S EASTERN AVE STE 101,LAS VEGAS NV 89169, , , , ,891690000.0, ,2601.0, , ,WESTWOOD,DR,LV, , , ,PM01020054        L1, ,PARCEL MAP FILE 102 PAGE 54,LOT 1, , , , ,2027.0,1979.0,20190329, ,2019032900105, ,NS,2600000.0,R,20170601, , , ,09,21,61,321001.0,93.0, ,1.0,312480.0, ,0.0,0.0,615722.0, ,0.0, ,0.0, ,0.0, ,0.0,0.0,312480.0,639792.0,0.0, ,0.0,0.0,0.0,0.0,0.0, ,0.0,0.0,0.0,N,20251105,20251105,0.0, ,16209102001,0.0, ,162,16209,162091,16209102,162,162091020,091,020,05,89169.0,0.0,002601     WESTWOOD              DR  L,0921  61,0102,0054,NEVADA LAND DEALS L L C         2605 S EASTERN AVE STE 101      LAS VEGAS NV 89169,002601     WESTWOOD              DR, ,321.0,1471.19752622,56083.05078125,1471.197526223415
305,0,0, ,4545,W,Sahara Ave.,16207101005,16207101005,Show Media,672.0,40.0,0.0,01/21/04,SUP-3114, ,RQR-11399,Denied; to be removed by 5/19/2006,14x48,1,300, ,1,,,,,,,,,,,,,,,,,,,,,,,,,,,,,,,,,,,,,,,,,,,,,,,,,,,,,,,,,,,,,,,,,,,,,,,,,,,,,,,,,,,,,,,,,,,,,,,,,,,,,,,,,,,,,,,,,,,,,,,,,,,,,,,,,,,,,,,,,
306,0,0, ,0, ,SE Highland/Western,16204703001,16204703001,Las Vegas Billboards,672.0,40.0,0.0,02/04/04,SUP-3285, ,RQR-40786; 11565, ,14x48,1,750,Approved,3,583672.0,0.0,1.55,701.0,0.0,16204703001,701.0,701.0,162,04,7,03,001,212.0,2524-56,2524.0,204.0,18398.8109345,5562.0,E,15.0,10.0,4.0,559.0,,150972.207738,3,0.0,57.0,8235.23370861,12.86755267,89102.0,437650.0,212.0,1701 WESTERN PROPERTIES L L C,330 S RAMPART BLVD # 340,LAS VEGAS NV 89145, , , , ,891450000.0, ,1701.0, , ,WESTERN,AVE,LV, , , ,00000000, ,PT NW4 SE4 SEC 04 21 61, , , , , ,2027.0,1956.0,20080521, ,2008052104092, ,NS,700000.0,M,19950301, , , ,04,21,61,330000.0,1.0, ,2.0,448995.0, ,0.0,0.0,37796.0, ,0.0, ,0.0, ,0.0, ,0.0,0.0,404095.0,37097.0,0.0, ,0.0,0.0,0.0,0.0,0.0, ,0.0,0.0,0.0,N,20250925,20250925,0.0, ,16204703001,0.0, ,162,16204,162047,16204703,162,162047030,047,030,01,89145.0,0.0,001701     WESTERN               AVE L,0421  61,0000,0000,1701 WESTERN PROPERTIES L L C   330 S RAMPART BLVD # 340        LAS VEGAS NV 89145,001701     WESTERN               AVE, ,330.0,1077.22445326,66426.333984375,1077.2244532598259
307,0,0, ,2234,W,Mesquite Ave,13929801009,13929801005,Ad America Inc.,672.0,40.0,0.0,10/28/03,U-0010-02, ,RQR-28992,L-2064-04; DIR-17195,14x48,1,750,Finalled/Permitted,5,602281.0,0.0,7.82,701.0,0.0,13929801009,701.0,701.0,139,29,8,01,009,200.0,2323-99,2323.0,203.0,19218.7742545,4027.0,D,10.0,3.0,4.0,449.0,,161583.305707,1,0.0,83.0,11202.3105405,17.50361022,89106.0,315333.0,200.0,LODGE MASONIC MEMORIAL TEMPLE,2200 W MESQUITE,LAS VEGAS NV 89106-3788, , , , ,891063788.0, ,2200.0, ,W,MESQUITE,AVE,LV, , , ,PM01150080        L1, ,PARCEL MAP FILE 115 PAGE 80,LOT 1, , , , ,2027.0,1974.0,19720728, ,1972072810053, ,NS,0.0, , , , , ,29,20,61,450000.0,1.0, ,8.0,1293577.0, ,0.0,0.0,1058876.0, ,0.0, ,0.0, ,0.0,35,2352453.0,0.0,1293577.0,1097566.0,0.0, ,2391142.0,0.0,0.0,0.0,0.0, ,0.0,0.0,0.0,N,20231117,20231117,0.0, ,13929801005,0.0, ,139,13929,139298,13929801,139,139298010,298,010,09,89106.0,3788.0,002200   W MESQUITE              AVE L,2920  61,0115,0080,LODGE MASONIC MEMORIAL TEMPLE   2200 W MESQUITE                 LAS VEGAS NV 89106-3788,002200   W MESQUITE              AVE, ,450.0,2362.99318917,340853.65234375,2362.9931891648976
308,0,0, ,2901, ,Highland,16208611011,16208611011,Reagan National Advertising,672.0,45.0,0.0,08/12/03,SUP-1945,VAR-1946,RQR-21567; RQR-6171, ,24x28,1,300,final,1,583982.0,0.0,0.0,703.0,0.0,16208611011,703.0,703.0,162,08,6,11,011,212.0,2623-59,2623.0,2201.0,24882.7749149,5014.0,E,15.0,10.0,1.0,606.0,,150972.207738,3,0.0,57.0,8235.23370861,12.86755267,89109.0,444194.0,212.0,HIGHLAND INDUSTRIAL PARK L L C,C/O NEVADA DEVELOPMENT & RLTY CO,2500 W SAHARA AVE # 211,LAS VEGAS NV 89102, , , ,891020000.0, ,2901.0, , ,HIGHLAND,DR,LV, , , ,PB00200064PTB1    L15, ,HIGHLAND INDST PARK,PLAT BOOK 20 PAGE 64,PT LOT 15 BLOCK 1,"(LOT 15-A LD 25,26,27-79)", , ,2027.0,1979.0,20160601, ,2016060102810, ,NS,12838738.0,M,20160601, , , ,08,21,61,240000.0,1.0, ,1.0,330226.0, ,0.0,0.0,167274.0, ,0.0, ,0.0, ,0.0, ,0.0,0.0,312845.0,172107.0,0.0, ,0.0,0.0,0.0,0.0,0.0, ,0.0,0.0,0.0,N,20231117,20231117,0.0, ,16208611011,0.0, ,162,16208,162086,16208611,162,162086110,086,110,11,89102.0,0.0,002901     HIGHLAND              DR  L,0821  61,0020,0064,HIGHLAND INDUSTRIAL PARK L L C  C/O NEVADA DEVELOPMENT & RLTY CO2500 W SAHARA AVE # 211         LAS VEGAS NV 89102,002901     HIGHLAND              DR, ,240.0,876.9880642,49850.640625,876.9880642081195
309,0,0, ,2903, ,Highland Dr.,16209210002,16209210002,Reagan National Advertising,672.0,45.0,0.0,8/12/03,SUP-1876,VAR-1947,RQR-21572; RQR-6169, ,14x48,1,300,final,1,578479.0,0.0,0.0,703.0,0.0,16209210002,703.0,703.0,162,09,2,10,002,212.0,2624-41,2624.0,2201.0,24882.7749149,5014.0,E,15.0,10.0,1.0,606.0,,150972.207738,3,0.0,57.0,8235.23370861,12.86755267,89109.0,444343.0,212.0,HIGHLAND INDUSTRIAL PARK L L C,C/O NEVADA DEVELOPMENT & RLTY CO,2500 W SAHARA AVE # 211,LAS VEGAS NV 89102, , , ,891020000.0, ,2901.0, , ,HIGHLAND,DR,LV, , , ,PB00200064  B1    L13, ,HIGHLAND INDST PARK,PLAT BOOK 20 PAGE 64,LOT 13 BLOCK 1, , , ,2027.0,1979.0,20160601, ,2016060102810, ,NS,12838738.0,M,20160601, , , ,09,21,61,240000.0,1.0, ,1.0,324434.0, ,0.0,0.0,163445.0, ,0.0, ,0.0, ,0.0, ,0.0,0.0,307358.0,168294.0,0.0, ,0.0,0.0,0.0,0.0,0.0, ,0.0,0.0,0.0,N,20231117,20231117,0.0, ,16209210002,0.0, ,162,16209,162092,16209210,162,162092100,092,100,02,89102.0,0.0,002901     HIGHLAND              DR  L,0921  61,0020,0064,HIGHLAND INDUSTRIAL PARK L L C  C/O NEVADA DEVELOPMENT & RLTY CO2500 W SAHARA AVE # 211         LAS VEGAS NV 89102,002901     HIGHLAND              DR, ,240.0,889.04656269,48921.18359375,889.0465626940492
310,0,0, ,210,E,Charleston,16203110039,16203110039,LAMAR,672.0,0.0,0.0, , , , , ,14x48,1,300,Built,3,219301.0,0.0,0.0,703.0,0.0,16203110039,703.0,703.0,162,03,1,10,039,203.0,2525-12,2525.0,1100.0,17577.330007,5044.0,E,15.0,10.0,4.0,564.0,,150972.207738,3,0.0,57.0,8235.23370861,12.86755267,89104.0,434883.0,203.0,CHARLEY L L C,2331 E DESERT INN RD,LAS VEGAS NV 89169, , , , ,891690000.0, ,210.0, ,E,CHARLESTON,BLVD,LV, , , ,PB00010052PTB13   L5, ,BOULDER ADD,PLAT BOOK 1 PAGE 52,PT LOT 5 BLOCK 13,& LOT 6, , ,2027.0,1939.0,20190710, ,2019071002251, ,NS,2260000.0,M,20190701, , , ,03,21,61,335000.0,1.0, ,0.0,45736.0, ,0.0,0.0,48076.0, ,0.0, ,0.0, ,0.0, ,0.0,0.0,43907.0,47112.0,0.0, ,0.0,0.0,0.0,0.0,0.0, ,0.0,0.0,0.0,N,20231117,20231117,0.0, ,16203110039,0.0, ,162,16203,162031,16203110,162,162031100,031,100,39,89169.0,0.0,000210   E CHARLESTON            BLVDL,0321  61,0001,0052,CHARLEY L L C                   2331 E DESERT INN RD            LAS VEGAS NV 89169,000210   E CHARLESTON            BLVD, ,335.0,342.32029196,5194.09375,342.3202919684268
311,0,0, ,2101,S,Decatur,16301708004,16301708004,Las Vegas Billboards,672.0,40.0,0.0,03/05/03,U-0034-01, ,RQR-29711;RQR-29711, ,14x48,1,300,Final,1,577808.0,0.0,1.7,701.0,0.0,16301708004,701.0,701.0,163,01,7,08,004,213.0,2521-79,2521.0,1003.0,21474.8329202,3003.0,C,10.0,3.0,4.0,549.0,,161583.305707,1,0.0,83.0,11202.3105405,17.50361022,89102.0,484259.0,213.0,1999 L L C,C/O MDL GROUP,5960 S JONES BLVD,LAS VEGAS NV 89118, , , ,891180000.0, ,2101.0, ,S,DECATUR,BLVD,LV, , , ,PM00230097        L2, ,PARCEL MAP FILE 23 PAGE 97,LOT 2, , , , ,2027.0,1979.0,20180515, ,2018051502382, ,NS,4594800.0,M,20180501, , , ,01,21,60,358000.0,1.0, ,2.0,388773.0, ,0.0,0.0,690283.0, ,0.0, ,0.0, ,0.0, ,0.0,0.0,362855.0,724583.0,0.0, ,0.0,0.0,0.0,0.0,0.0, ,0.0,0.0,0.0,N,20231117,20231117,0.0, ,16301708004,0.0, ,163,16301,163017,16301708,163,163017080,017,080,04,89118.0,0.0,002101   S DECATUR               BLVDL,0121  60,0023,0097,1999 L L C                      C/O MDL GROUP                   5960 S JONES BLVD               LAS VEGAS NV 89118,002101   S DECATUR               BLVD, ,358.0,1292.2731653,73747.62109375,1292.2731653109745
312,0,0, ,2252, ,Paradise,16203411011,16203411011,Chetak Development Corporation,672.0,55.0,0.0,01/22/03,SUP-1274, ,RQR-33882; RQR-12169; RQR-5925, ,14x48,1,300,Finaled,3,660725.0,0.9400000000000001,0.0,703.0,0.0,16203411011,703.0,703.0,162,03,4,11,011,203.0,2525-91,2525.0,1200.0,21379.7787559,5350.0,E,15.0,10.0,1.0,567.0,,150972.207738,3,0.0,57.0,8235.23370861,12.86755267,89104.0,435427.0,203.0,CHETAK DEVELOPMENT CORPORATION,4755 DEAN MARTIN DR,LAS VEGAS NV 89103, , , , ,891030000.0, ,2244.0, , ,PARADISE,RD,LV, ,20030730:3596 VAC, ,PB00020100  B3    L10, ,SOUTH FIFTH STREET TRACT #1,PLAT BOOK 2 PAGE 100,LOT 10 BLOCK 3,& VAC ALLEY, , ,2027.0,1986.0,20001101, ,2000110101881, ,NS,5850000.0,M,20001101, , , ,03,21,61,355000.0,1.0, ,2.0,658670.0, ,0.0,0.0,916163.0, ,0.0, ,0.0, ,0.0, ,0.0,0.0,630154.0,946045.0,0.0, ,0.0,0.0,0.0,0.0,0.0, ,0.0,0.0,0.0,N,20250821,20250821,0.0, ,16203411011,0.0, ,162,16203,162034,16203411,162,162034110,034,110,11,89103.0,0.0,002244     PARADISE              RD  L,0321  61,0002,0100,CHETAK DEVELOPMENT CORPORATION  4755 DEAN MARTIN DR             LAS VEGAS NV 89103,002244     PARADISE              RD, ,355.0,1075.89399461,72600.5078125,1075.8939946035198
313,0,0, ,1002,E,Sahara,16203801116,16203801116,Reagan National Advertising,672.0,40.0,0.0,05/05/04,SUP-3973, ,RQR-33955; RQR-12020, ,14x48,1,300,Finalled,3,244772.0,0.0,0.8,701.0,0.0,16203801116,701.0,701.0,162,03,8,01,116,212.0,2525-98,2525.0,1200.0,21379.7787559,5350.0,E,15.0,10.0,1.0,570.0,,150972.207738,3,0.0,57.0,8235.23370861,12.86755267,89104.0,436829.0,212.0,J G SAHARA L L C,3007 W HORIZON RIDGE PKWY # 210,HENDERSON NV 89052, , , , ,890520000.0, ,1000.0, ,E,SAHARA,AVE,LV,108, , ,00000000, ,PT SE4 SE4 SEC 03 21 61, , , , , ,2027.0,1970.0,20031002, ,2003100202077, ,NS,800000.0,R,20031001, , , ,03,21,61,358000.0,1.0, ,1.0,231739.0, ,0.0,0.0,129892.0, ,0.0, ,0.0, ,0.0, ,0.0,0.0,219542.0,129594.0,0.0, ,0.0,0.0,0.0,0.0,0.0, ,0.0,0.0,0.0,N,20250715,20250715,0.0, ,16203801116,0.0, ,162,16203,162038,16203801,162,162038011,038,011,16,89052.0,0.0,001000   E SAHARA                AVE L,0321  61,0000,0000,J G SAHARA L L C                3007 W HORIZON RIDGE PKWY # 210 HENDERSON NV 89052,001000   E SAHARA                AVE, ,358.0,782.75713647,37071.76953125,782.7571364732529
314,0,0, ,310,S,Main,13934201003,13934201003,"Barrick-Breo II, LLC",288.0,20.0,1307.0, ,U-106-95, ,RQR-13674; RQR-4187, ,12x24,0,300,Finalled,5,498850.0,0.0,0.24,701.0,0.0,13934201003,701.0,701.0,139,34,2,01,003,203.0,2425-32,2425.0,700.0,20035.3233974,4510.0,D,11.0,2.0,4.0,460.0,,265026.231717,5,0.0,113.0,9805.19074535,15.32061054,89101.0,319949.0,203.0,T-U P R II L L C,1 S MAIN ST,LAS VEGAS NV 89101, , , , ,891010000.0,Union Plaza,310.0, ,S,MAIN,ST,LV, , , ,00000000, ,PT W2 SEC 34 20 61, , , , , ,2027.0,1983.0,20150213, ,2015021302185, ,NS,54527000.0,M,20040301, , , ,34,20,61,330000.0,1.0, ,0.0,164651.0, ,0.0,0.0,3812.0, ,0.0, ,0.0, ,0.0, ,0.0,0.0,164651.0,3890.0,0.0, ,0.0,0.0,0.0,0.0,0.0, ,0.0,0.0,0.0,N,20231117,20231117,0.0, ,13934201003,0.0, ,139,13934,139342,13934201,139,139342010,342,010,03,89101.0,0.0,000310   S MAIN                  ST  L,3420  61,0000,0000,T-U P R II L L C                1 S MAIN ST                     LAS VEGAS NV 89101,000310   S MAIN                  ST, ,330.0,422.40543577,11139.228515625,422.4054357593194
315,0,0, ,1633,W,Bonanza,13928412001,13928411001,Clear Channel Outdoor,672.0,40.0,0.0,5/17/04, , , ,"L-2172-04, moved US95 widening",14x48,1,750,Finalled/Permitted,5,619085.0,0.0,9.77,807.0,0.0,13928412001,807.0,807.0,139,28,4,12,001,212.0,2324-83,2324.0,201.0,19539.1298865,4528.0,D,6.0,4.0,4.0,412.0,,265026.231717,5,0.0,113.0,9805.19074535,15.32061054,89106.0,313139.0,212.0,DON & PAUL L L C,8350 EASTGATE RD,HENDERSON NV 89015, , , , ,890150000.0, ,1785.0, ,W,BONANZA,RD,LV,B,"FR 139-28-401-002,003,024,025,411-001;+.21C", ,PB01350030        L1, ,AHERN RENTAL MERGER & RESUB,PLAT BOOK 135 PAGE 30,LOT 1, , , ,2027.0,1974.0,20040609, ,2004060904347, ,NS,0.0, , , , , ,28,20,61,240000.0,1.0, ,10.0,950322.0, ,0.0,0.0,1239452.0, ,0.0, ,0.0, ,0.0, ,0.0,0.0,782005.0,1243705.0,0.0, ,0.0,0.0,0.0,0.0,0.0, ,0.0,0.0,0.0,N,20250908,20250908,0.0, ,13928411001,0.0, ,139,13928,139284,13928412,139,139284120,284,120,01,89015.0,0.0,001785   W BONANZA               RD  L,2820  61,0135,0030,DON & PAUL L L C                8350 EASTGATE RD                HENDERSON NV 89015,001785   W BONANZA               RD, ,240.0,3813.94042235,414064.6640625,3813.940422354291
316,0,0, ,1615,N,Decatur,13824804013,13824804013,Las Vegas Billboards,672.0,40.0,0.0,07/07/04,SUP-4169, ,RQR-30332,L-4859-04,14x48,1,300,Finalled,5,545063.0,0.0,0.51,701.0,0.0,13824804013,701.0,701.0,138,24,8,04,013,207.0,2221-99,2221.0,3423.0,21256.3725617,4001.0,D,3.0,3.0,4.0,349.0,,265026.231717,5,0.0,113.0,9805.19074535,15.32061054,89108.0,241081.0,207.0,1615 N DECATUR L L C,8019 ECHO CLIFF LN,LAS VEGAS NV 89129, , , , ,891290000.0, ,1615.0, ,N,DECATUR,BLVD,LV, , , ,00000000, ,PT SE4 SE4 SEC 24 20 60, , , , , ,2027.0,1964.0,20240516, ,2024051601553, ,NS,1600000.0,R,20240401, , , ,24,20,60,375000.0,1.0, ,1.0,112746.0, ,0.0,0.0,77200.0, ,0.0, ,0.0, ,0.0, ,0.0,0.0,104971.0,77107.0,0.0, ,0.0,0.0,0.0,0.0,0.0, ,0.0,0.0,0.0,N,20240430,20240430,0.0, ,13824804013,0.0, ,138,13824,138248,13824804,138,138248040,248,040,13,89129.0,0.0,001615   N DECATUR               BLVDL,2420  60,0000,0000,1615 N DECATUR L L C            8019 ECHO CLIFF LN              LAS VEGAS NV 89129,001615   N DECATUR               BLVD, ,375.0,591.65967418,22602.80859375,591.6596741647417
317,0,0, ,1205,E,Sahara,16202401001,16202401001,Reagan National Advertising,672.0,40.0,0.0,08/06/04,SUP-3269, ,RQR-30328;RQR-13595, ,14x48,1,300,Approved,3,584859.0,0.0,3.68,701.0,0.0,16202401001,701.0,701.0,162,02,4,01,001,212.0,2526-91,2526.0,1300.0,19091.7986232,5565.0,E,15.0,10.0,1.0,573.0,,150972.207738,3,0.0,57.0,8235.23370861,12.86755267,89104.0,433321.0,212.0,1205 E SAHARA AVENUE L L C,C/O REAL ONYX MGMT GRP,1151 S BUFFALO DR STE 220,LAS VEGAS NV 89117, , , ,891170000.0, ,1205.0, ,E,SAHARA,AVE,LV, , , ,00000000, ,PT SW4 SW4 SEC 02 21 61, , , , , ,2027.0,1961.0,20150611, ,2015061101440, ,NS,3000000.0,T,20150601, , , ,02,21,61,355000.0,1.0, ,4.0,1001481.0, ,0.0,0.0,653548.0, ,0.0, ,0.0, ,0.0, ,0.0,0.0,1001481.0,651940.0,0.0, ,0.0,0.0,0.0,0.0,0.0, ,0.0,0.0,0.0,N,20240320,20240320,0.0, ,16202401001,0.0, ,162,16202,162024,16202401,162,162024010,024,010,01,89117.0,0.0,001205   E SAHARA                AVE L,0221  61,0000,0000,1205 E SAHARA AVENUE L L C      C/O REAL ONYX MGMT GRP          1151 S BUFFALO DR STE 220       LAS VEGAS NV 89117,001205   E SAHARA                AVE, ,355.0,1681.58968577,160872.333984375,1681.5896857761772
318,0,0, ,1509, ,Western,16204605005,16204605005,LAMAR,672.0,40.0,0.0,7/22/02,U-0104-02, ,RQR-39434; RQR-24331; RQR-5165, ,14x48,1,300,Finalled,3,571131.0,0.0,0.67,701.0,0.0,16204605005,701.0,701.0,162,04,6,05,005,212.0,2524-47,2524.0,204.0,18398.8109345,5562.0,E,15.0,10.0,4.0,558.0,,150972.207738,3,0.0,57.0,8235.23370861,12.86755267,89102.0,437593.0,212.0,J S M PROPERTIES L L C,C/O S & M LIPKIN ~C/O J DEVERE,1509 WESTERN AVE,LAS VEGAS NV 89102, , , ,891020000.0, ,1509.0, , ,WESTERN,AVE,LV, , , ,00000000, ,PT SW4 NE4 SEC 04 21 61, , , , , ,2027.0,2008.0,20180606, ,2018060601489, ,NS,0.0, , , , , ,04,21,61,240000.0,1.0, ,1.0,280906.0, ,0.0,0.0,623280.0, ,0.0, ,0.0, ,0.0, ,0.0,0.0,268137.0,621718.0,0.0, ,0.0,0.0,0.0,0.0,0.0, ,0.0,0.0,0.0,N,20231117,20231117,0.0, ,16204605005,0.0, ,162,16204,162046,16204605,162,162046050,046,050,05,89102.0,0.0,001509     WESTERN               AVE L,0421  61,0000,0000,J S M PROPERTIES L L C          C/O S & M LIPKIN ~C/O J DEVERE  1509 WESTERN AVE                LAS VEGAS NV 89102,001509     WESTERN               AVE, ,240.0,763.81107233,34377.68359375,763.7798447644171
319,0,0, ,2744, ,Highland,16209202001,16209202001,Mountain View Estates,400.0,40.0,0.0,10/06/04,SUP-4592, ,RQR-35930,EOT-9680,10x40,1,300,Approved,1,635538.0,0.0,2.0100000000000002,701.0,0.0,16209202001,701.0,701.0,162,09,2,02,001,212.0,2624-32,2624.0,2201.0,24882.7749149,5014.0,E,15.0,10.0,1.0,606.0,,150972.207738,3,0.0,57.0,8235.23370861,12.86755267,89109.0,444327.0,212.0,N Y P CORPORATION,6120 S TORREY PINES,LAS VEGAS NV 89118-3209, , , , ,891183209.0, ,2750.0, , ,HIGHLAND,DR,LV, ,SF 194-49, ,00000000, ,PT SW4 NW4 SEC 09 21 61, , , , , ,2027.0,1958.0,19840330, ,1984033056753, ,NS,0.0, , , , , ,09,21,61,240000.0,1.0, ,2.0,582247.0, ,0.0,0.0,224684.0, ,0.0, ,0.0, ,0.0, ,0.0,0.0,496442.0,219907.0,0.0, ,0.0,0.0,0.0,0.0,0.0, ,0.0,0.0,0.0,N,20250925,20250925,0.0, ,16209202001,0.0, ,162,16209,162092,16209202,162,162092020,092,020,01,89118.0,3209.0,002750     HIGHLAND              DR  L,0921  61,0000,0000,N Y P CORPORATION               6120 S TORREY PINES             LAS VEGAS NV 89118-3209,002750     HIGHLAND              DR, ,240.0,1454.89438815,88140.775390625,1454.894388152911
320,0,0, ,3542, ,Sirius,16208303027,16208303027,Las Vegas Billboards,288.0,40.0,0.0,10/06/04,SUP-4812, ,RQR-35793, ,12x24,1,300,Approved,1,573299.0,0.0,2.09,701.0,0.0,16208303027,701.0,701.0,162,08,3,03,027,200.0,2623-72,2623.0,2201.0,24882.7749149,5545.0,E,10.0,3.0,3.0,605.0,,150972.207738,3,0.0,57.0,8235.23370861,12.86755267,89102.0,443918.0,200.0,JONATHAN PARK L L C,6050 S FORT APACHE RD # 200A,LAS VEGAS NV 89148, , , , ,891480000.0, ,3544.0, , ,SIRIUS,AVE,LV, , , ,00000000, ,PT NW4 SW4 SEC 08 21 61, , , , , ,2027.0,1964.0,20051117, ,2005111700723, ,NS,5372500.0,M,19960801, , , ,08,21,61,240000.0,1.0, ,2.0,401168.0, ,0.0,0.0,325536.0, ,0.0, ,0.0, ,0.0, ,0.0,0.0,363250.0,318629.0,0.0, ,0.0,0.0,0.0,0.0,0.0, ,0.0,0.0,0.0,N,20231117,20231117,0.0, ,16208303027,0.0, ,162,16208,162083,16208303,162,162083030,083,030,27,89148.0,0.0,003544     SIRIUS                AVE L,0821  61,0000,0000,JONATHAN PARK L L C             6050 S FORT APACHE RD # 200A    LAS VEGAS NV 89148,003544     SIRIUS                AVE, ,240.0,1215.82211804,90264.03125,1215.8221180517153
321,0,0, ,3319, ,Meade,16208303004,16208303004,Las Vegas Billboards,288.0,40.0,0.0,10/06/04,SUP-4811, ,RQR-35792,L-3618-05,12X24,1,300,Approved,1,590080.0,0.0,3.3200000000000003,701.0,0.0,16208303004,701.0,701.0,162,08,3,03,004,200.0,2623-63,2623.0,2201.0,24882.7749149,5545.0,E,10.0,3.0,3.0,605.0,,150972.207738,3,0.0,57.0,8235.23370861,12.86755267,89102.0,443899.0,200.0,JONATHAN PARK L L C,6050 S FORT APACHE RD # 200A,LAS VEGAS NV 89148, , , , ,891480000.0, ,3311.0, , ,MEADE,AVE,LV, , , ,00000000, ,PT NW4 SW4 SEC 08 21 61, , , , , ,2027.0,1986.0,20051117, ,2005111700723, ,NS,5372500.0,M,19960801, , , ,08,21,61,240000.0,1.0, ,3.0,637264.0, ,0.0,0.0,800941.0, ,0.0, ,0.0, ,0.0, ,0.0,0.0,577030.0,814261.0,0.0, ,0.0,0.0,0.0,0.0,0.0, ,0.0,0.0,0.0,N,20231117,20231117,0.0, ,16208303004,0.0, ,162,16208,162083,16208303,162,162083030,083,030,04,89148.0,0.0,003311     MEADE                 AVE L,0821  61,0000,0000,JONATHAN PARK L L C             6050 S FORT APACHE RD # 200A    LAS VEGAS NV 89148,003311     MEADE                 AVE, ,240.0,1624.09861447,140566.41015625,1624.0986144671076
322,0,0, ,4490, ,Meadows,13931510019,13931510019,Orion Outdoor Media,672.0,40.0,8194.0,11/03/04,SUP-4807, ,RQR-30360,L-0076-05,14x48,1,750,Approved,1,,,,,,,,,,,,,,,,,,,,,,,,,,,,,,,,,,,,,,,,,,,,,,,,,,,,,,,,,,,,,,,,,,,,,,,,,,,,,,,,,,,,,,,,,,,,,,,,,,,,,,,,,,,,,,,,,,,,,,,,,,,,,,,,,,,,,,,,,
323,0,0, ,7075, ,Craig,13803701003,13803701003,Orion Outdoor Media,672.0,40.0,0.0,11/17/04,SUP-4694,VAR-37837 Denied,RQR-30484,L-0337-05,14x48,1,750,Approved,4,,,,,,,,,,,,,,,,,,,,,,,,,,,,,,,,,,,,,,,,,,,,,,,,,,,,,,,,,,,,,,,,,,,,,,,,,,,,,,,,,,,,,,,,,,,,,,,,,,,,,,,,,,,,,,,,,,,,,,,,,,,,,,,,,,,,,,,,,
325,0,0, ,4190, ,Meadows,13931510019,13931510019,Orion Outdoor Media,672.0,51.0,8193.0,12/01/04,SUP-4808, ,RQR-30599,L-0077-05,14x48,1,750,Approved,1,,,,,,,,,,,,,,,,,,,,,,,,,,,,,,,,,,,,,,,,,,,,,,,,,,,,,,,,,,,,,,,,,,,,,,,,,,,,,,,,,,,,,,,,,,,,,,,,,,,,,,,,,,,,,,,,,,,,,,,,,,,,,,,,,,,,,,,,,
326,0,0, ,4120, ,Meadows,13930812005,13931510019,Orion Outdoor Media,672.0,40.0,8192.0,12/01/04,SUP-4809, ,RQR-30600,L-0078-05,14x48,1,750,Approved,1,578289.0,1.11000001,1.11,807.0,0.0,13930812005,807.0,807.0,139,30,8,12,005,213.0,2322-96,2322.0,105.0,19501.1953468,4623.0,D,10.0,3.0,4.0,446.0,,161583.305707,1,0.0,83.0,11202.3105405,17.50361022,89107.0,316745.0,213.0,G G P MEADOWS MALL L L C,C/O BROOKFIELD PROPERTIES RETIAL,PO BOX 101042,CHICAGO IL 60610, , , ,606100000.0, ,4112.0, , ,MEADOWS,LN,LV, , , ,PB00180056, ,MEADOWS,PLAT BOOK 18 PAGE 56,PT UNNUMBERED LOT, , , ,2027.0,0.0,20030801, ,2003080102230, ,NS,0.0, , , , , ,30,20,61,350000.0,0.0, ,1.0,220002.0, ,0.0,0.0,0.0, ,0.0, ,0.0, ,0.0, ,0.0,0.0,186155.0,0.0,0.0, ,0.0,0.0,0.0,0.0,0.0, ,0.0,0.0,0.0,N,20231117,20231117,0.0, ,13931510016,0.0, ,139,13930,139308,13930812,139,139308120,308,120,05,60610.0,0.0,004112     MEADOWS               LN  L,3020  61,0018,0056,G G P MEADOWS MALL L L C        C/O BROOKFIELD PROPERTIES RETIALPO BOX 101042                   CHICAGO IL 60610,004112     MEADOWS               LN, ,350.0,1182.19935205,48554.302734375,1182.1993520503297
327,0,0, ,1985, ,Western,16204703010,16204703010,Las Vegas Billboards,672.0,40.0,0.0,12/15/04,SUP-4690, ,RQR-18714,L-3619-05,14x48,1,300,Approved,3,,,,,,,,,,,,,,,,,,,,,,,,,,,,,,,,,,,,,,,,,,,,,,,,,,,,,,,,,,,,,,,,,,,,,,,,,,,,,,,,,,,,,,,,,,,,,,,,,,,,,,,,,,,,,,,,,,,,,,,,,,,,,,,,,,,,,,,,,
328,0,0, ,0,N,Decatur,13813505001,13813505001,Clear Channel Outdoor,288.0,0.0,0.0, , , , ,North Las Vegas,12x24,1,300, ,NLV,576782.0,0.0,21.35,701.0,0.0,13813505001,701.0,701.0,138,13,5,05,001,250.0,2121-18,2121.0,3616.0,42091.8115584,4039.0,D,6.0,4.0,4.0,1139.0,,0.0, ,0.0,0.0,0.0,0.0,89130.0,215187.0,250.0,MOSSMAN MYRA,1333 N ORANGE DR,HOLLYWOOD CA 90028, , , , ,900280000.0, ,3100.0, ,N,RANCHO,DR,NLV, , , ,00000000, ,PT NE4 NE4 SEC 13 20 60, , , , , ,2027.0,0.0,20241024, ,2024102402196, ,NS,0.0, , , , , ,13,20,60,0.0,0.0, ,21.0,2050663.0, ,0.0,0.0,0.0, ,0.0, ,0.0, ,0.0, ,0.0,0.0,1992073.0,0.0,0.0, ,0.0,0.0,0.0,0.0,0.0, ,0.0,0.0,0.0,N,20250107,20250107,0.0, ,13813505001,0.0, ,138,13813,138135,13813505,138,138135050,135,050,01,90028.0,0.0,003100   N RANCHO                DR  N,1320  60,0000,0000,MOSSMAN MYRA                    1333 N ORANGE DR                HOLLYWOOD CA 90028,003100   N RANCHO                DR, ,0.0,4049.69138767,924688.6953125,4049.385736295252
329,0,0, ,0,W,Cheyenne,13813505001,13813505001,Clear Channel Outdoor,288.0,0.0,0.0, , , , ,North Las Vegas,12x24,1,300, ,NLV,576782.0,0.0,21.35,701.0,0.0,13813505001,701.0,701.0,138,13,5,05,001,250.0,2121-18,2121.0,3616.0,42091.8115584,4039.0,D,6.0,4.0,4.0,1139.0,,0.0, ,0.0,0.0,0.0,0.0,89130.0,215187.0,250.0,MOSSMAN MYRA,1333 N ORANGE DR,HOLLYWOOD CA 90028, , , , ,900280000.0, ,3100.0, ,N,RANCHO,DR,NLV, , , ,00000000, ,PT NE4 NE4 SEC 13 20 60, , , , , ,2027.0,0.0,20241024, ,2024102402196, ,NS,0.0, , , , , ,13,20,60,0.0,0.0, ,21.0,2050663.0, ,0.0,0.0,0.0, ,0.0, ,0.0, ,0.0, ,0.0,0.0,1992073.0,0.0,0.0, ,0.0,0.0,0.0,0.0,0.0, ,0.0,0.0,0.0,N,20250107,20250107,0.0, ,13813505001,0.0, ,138,13813,138135,13813505,138,138135050,135,050,01,90028.0,0.0,003100   N RANCHO                DR  N,1320  60,0000,0000,MOSSMAN MYRA                    1333 N ORANGE DR                HOLLYWOOD CA 90028,003100   N RANCHO                DR, ,0.0,4049.69138767,924688.6953125,4049.385736295252
330,0,0, ,6431,W,Charleston,16302114003,16302114003,Orion Outdoor Media,672.0,40.0,0.0,03/16/05,SUP-4693, ,RQR-40350; RQR-25210,L-3666-05,14x48,1,300,Approved,1,764973.0,0.0,0.79,807.0,0.0,16302114003,807.0,807.0,163,02,1,14,003,213.0,2519-14,2519.0,2905.0,22083.861821,3009.0,C,10.0,3.0,4.0,542.0,,161583.305707,1,0.0,83.0,11202.3105405,17.50361022,89146.0,484812.0,213.0,RUSSO ANDREA J & SUSAN R,441 MARES CT,PLEASANTON CA 94566-9506, , , , ,945669506.0, ,6431.0, ,W,CHARLESTON,BLVD,LV,UT 100, , ,PB00740081PT      L1, ,CHARLESTON VILLAGE,PLAT BOOK 74 PAGE 81,PT LOT 1, , , ,2027.0,2000.0,20091125, ,2009112503097, ,NS,1850000.0,R,20091101, , , ,02,21,60,358000.0,1.0, ,1.0,251724.0, ,0.0,0.0,140375.0, ,0.0, ,0.0, ,0.0, ,0.0,0.0,238475.0,144396.0,0.0, ,0.0,0.0,0.0,0.0,0.0, ,0.0,0.0,0.0,N,20231117,20231117,0.0, ,16302114001,0.0, ,163,16302,163021,16302114,163,163021140,021,140,03,94566.0,9506.0,006431   W CHARLESTON            BLVDL,0221  60,0074,0081,RUSSO ANDREA J & SUSAN R        441 MARES CT                    PLEASANTON CA 94566-9506,006431   W CHARLESTON            BLVD, ,358.0,839.35861832,34612.814453125,839.3586183188721
331,0,0, ,0, ,I 15,13922803001,0,LAMAR,0.0,0.0,0.0, , , , ,North Las Vegas, ,1,750, ,NLV,,,,,,,,,,,,,,,,,,,,,,,,,,,,,,,,,,,,,,,,,,,,,,,,,,,,,,,,,,,,,,,,,,,,,,,,,,,,,,,,,,,,,,,,,,,,,,,,,,,,,,,,,,,,,,,,,,,,,,,,,,,,,,,,,,,,,,,,,
332,0,0, ,4510, ,Charleston,14032401006,0,LAMAR,672.0,40.0,0.0,08/16/03,SUP-2290, ,RQR-28731, ,14x48,1,300, ,3,692089.0,0.0,1.48,701.0,0.0,14032401006,701.0,701.0,140,32,4,01,006,200.0,2429-92,2429.0,519.0,16131.5499417,5007.0,E,14.0,21.0,1.0,503.0,,150972.207738,3,0.0,57.0,8235.23370861,12.86755267,89104.0,359109.0,200.0,MER-CAR CORPORATION,C/O GATSKI COML RES,4755 DEAN MARTIN DR,LAS VEGAS NV 89103, , , ,891030000.0, ,4506.0, ,E,CHARLESTON,BLVD,LV, ,20091021:3306 RD, ,PM00580031        L1, ,PARCEL MAP FILE 58 PAGE 31,LOT 1, , , , ,2027.0,1990.0,20020328, ,2002032802281, ,NS,1800000.0,M,20020301, , , ,32,20,62,355000.0,1.0, ,1.0,225642.0, ,0.0,0.0,157503.0, ,0.0, ,0.0, ,0.0, ,0.0,0.0,203077.0,162053.0,0.0, ,0.0,0.0,0.0,0.0,0.0, ,0.0,0.0,0.0,N,20231117,20231117,0.0, ,14032401006,0.0, ,140,14032,140324,14032401,140,140324010,324,010,06,89103.0,0.0,004506   E CHARLESTON            BLVDL,3220  62,0058,0031,MER-CAR CORPORATION             C/O GATSKI COML RES             4755 DEAN MARTIN DR             LAS VEGAS NV 89103,004506   E CHARLESTON            BLVD, ,355.0,1430.26042838,65365.609375,1430.260428382993
333,0,0, ,0, , ,12534712009,0,LAMAR,672.0,0.0,0.0,07/17/91,U-0099-91, ,RQR-24165; RQR-6683; U-99-91(1)&(2), ,14x48,1,300, ,6,570498.0,0.0,0.74,807.0,0.0,12534712009,807.0,807.0,125,34,7,12,009,200.0,1718-69,1718.0,3305.0,25080.0013163,2695.0,B,4.0,18.0,4.0,130.0,,455249.746111,6,0.0,93.0,26360.5717261,41.18839332,89130.0,137631.0,200.0,TRINITY ASSET HOLDINGS CO L L C,1200 RIDGEWATER BLVD,KLAMATH FALLS OR 97601, , , , ,976010000.0, ,5041.0, ,N,RAINBOW,BLVD,LV, , , ,PB00650042PT      L1, ,RANCHO SANTA FE CENTER,PLAT BOOK 65 PAGE 42,PT LOT 1, , , ,2027.0,1998.0,20240919, ,2024091900980, ,NS,3000000.0,R,20240901, , , ,34,19,60,335000.0,1.0, ,1.0,149485.0, ,0.0,0.0,547744.0, ,0.0, ,0.0, ,0.0, ,0.0,0.0,135383.0,551026.0,0.0, ,0.0,0.0,0.0,0.0,0.0, ,0.0,0.0,0.0,N,20241028,20241028,0.0, ,12534712005,0.0, ,125,12534,125347,12534712,125,125347120,347,120,09,97601.0,0.0,005041   N RAINBOW               BLVDL,3419  60,0065,0042,TRINITY ASSET HOLDINGS CO L L C 1200 RIDGEWATER BLVD            KLAMATH FALLS OR 97601,005041   N RAINBOW               BLVD, ,335.0,740.07389109,32464.703125,740.0738910856778
334,0,0, ,1111,W,Bonanza,13928801003,0, ,72.0,0.0,0.0,03/16/88,U-0011-88, ,U-11-88(1),5 yr review has not been done,6x12,1,300, ,5,586129.0,0.0,3.81,701.0,0.0,13928801003,701.0,701.0,139,28,8,01,003,203.0,2324-87,2324.0,301.0,35552.9137961,4030.0,D,6.0,4.0,4.0,414.0,,265026.231717,5,0.0,113.0,9805.19074535,15.32061054,89106.0,313645.0,203.0,LAS VEGAS REVIEW-JOURNAL INC,C/O S HALL CFO,1111 W BONANZA RD,LAS VEGAS NV 89106, , , ,891060000.0, ,1001.0, ,W,BONANZA,RD,LV, , , ,00000000, ,PT SW4 SE4 SEC 28 20 61, , , , , ,2027.0,1963.0,20170327, ,2017032700124, ,NS,16000000.0,M,20150301, , , ,28,20,61,610000.0,1.0, ,4.0,435656.0, ,0.0,0.0,179383.0, ,0.0, ,0.0, ,0.0, ,0.0,0.0,365951.0,175728.0,0.0, ,0.0,0.0,0.0,0.0,0.0, ,0.0,0.0,0.0,N,20250908,20250908,0.0, ,010630022,0.0, ,139,13928,139288,13928801,139,139288010,288,010,03,89106.0,0.0,001001   W BONANZA               RD  L,2820  61,0000,0000,LAS VEGAS REVIEW-JOURNAL INC    C/O S HALL CFO                  1111 W BONANZA RD               LAS VEGAS NV 89106,001001   W BONANZA               RD, ,610.0,1798.48543747,165480.259765625,1798.4854374785034
335,0,0, ,330,E,Charleston,16203115001,0,VIACOM,288.0,40.0,1595.0,08/01/96,U-0008-96, ,RQR-40946; RQR-37490; RQR-32942, ,12x24,1,300, ,3,572343.0,0.0,2.18,807.0,0.0,16203115001,807.0,807.0,162,03,1,15,001,203.0,2525-13,2525.0,1100.0,17577.330007,5044.0,E,15.0,10.0,4.0,564.0,,150972.207738,3,0.0,57.0,8235.23370861,12.86755267,89104.0,434996.0,203.0,300 CHARLESTON APARTMENTS Q O Z,26050 BUREAU RD STE 101,CALABASAS CA 91302, , , , ,913020000.0, ,330.0, ,E,CHARLESTON,BLVD,LV,UT 100, , ,PB00870077  B1    L1, ,AQUARIUS PLAZA,PLAT BOOK 87 PAGE 77,LOT 1 BLOCK 1, , , ,2027.0,0.0,20220719, ,2022071902021, ,NS,14000000.0,M,20220701, , , ,03,21,61,0.0,0.0, ,2.0,830909.0, ,0.0,0.0,0.0, ,0.0, ,0.0, ,0.0, ,0.0,0.0,717905.0,0.0,0.0, ,0.0,0.0,0.0,0.0,0.0, ,0.0,0.0,0.0,N,20251008,20251008,0.0, ,16203104002,0.0, ,162,16203,162031,16203115,162,162031150,031,150,01,91302.0,0.0,000330   E CHARLESTON            BLVDL,0321  61,0087,0077,300 CHARLESTON APARTMENTS Q O Z 26050 BUREAU RD STE 101         CALABASAS CA 91302,000330   E CHARLESTON            BLVD, ,0.0,1269.40418262,94878.451171875,1269.4041826372074
336,0,0, ,4600, ,Meadows,13931110002,0,American Outdoor Advertising,672.0,40.0,0.0,12/06/06,SUP-16947, ,RQR-31290, ,14x48,1,750,Approved,1,595130.0,0.0,2.34,811.0,0.0,13931110002,811.0,811.0,139,31,1,10,002,213.0,2422-22,2422.0,105.0,19501.1953468,4623.0,D,10.0,3.0,4.0,446.0,,161583.305707,1,0.0,83.0,11202.3105405,17.50361022,89107.0,316748.0,213.0,CHURCH POTTERS HOUSE CHRISTIAN F,C/O S LAMB,8224 CACTUS CANYON CT,LAS VEGAS NV 89128, , , ,891280000.0, ,4600.0, , ,MEADOWS,LN,LV,UT 110, , ,PB00230018        L5, ,SUTTER HILL SUB,PLAT BOOK 23 PAGE 18,LOT 5, , , ,2027.0,1980.0,20190227, ,2019022702873, ,NS,2800000.0,R,20190201, , , ,31,20,61,358000.0,1.0, ,2.0,301458.0, ,0.0,0.0,1050126.0, ,0.0, ,0.0, ,0.0,25,1351585.0,0.0,255080.0,1059228.0,0.0, ,1314308.0,0.0,0.0,0.0,0.0, ,0.0,0.0,0.0,N,20231117,20231117,0.0, ,13931110002,0.0, ,139,13931,139311,13931110,139,139311100,311,100,02,89128.0,0.0,004600     MEADOWS               LN  L,3120  61,0023,0018,CHURCH POTTERS HOUSE CHRISTIAN FC/O S LAMB                      8224 CACTUS CANYON CT           LAS VEGAS NV 89128,004600     MEADOWS               LN, ,358.0,2179.00341005,101861.59375,2179.003410052192
337,0,0, ,4510,N,Tenaya,13803601003,0,Outdoor Solutions,672.0,35.0,0.0,04/16/08,SUP-26774, ,RQR-40724, ,14x48,0,750,Approved,4,763222.0,0.0,9.88,701.0,0.0,13803601003,701.0,701.0,138,03,6,01,003,200.0,1818-46,1818.0,3408.0,18735.6835434,3766.0,C,3.0,3.0,4.0,151.0,,456628.105837,4,0.0,73.0,16334.561019,25.52275159,89129.0,197650.0,200.0,SOUTH MAIN L L C,2425 PING DR,HENDERSON NV 89074, , , , ,890740000.0, ,4500.0, ,N,TENAYA,WAY,LV, , , ,PM00780058        L1, ,PARCEL MAP FILE 78 PAGE 58,LOT 1, , , , ,2027.0,1995.0,20150916, ,2015091601326, ,NS,6000000.0,R,20150901, , , ,03,20,60,358000.0,1.0, ,10.0,2108828.0, ,0.0,0.0,1032298.0, ,0.0, ,0.0, ,0.0, ,0.0,0.0,1867819.0,1116195.0,0.0, ,0.0,0.0,0.0,0.0,0.0, ,0.0,0.0,0.0,N,20231117,20231117,0.0, ,13803601002,0.0, ,138,13803,138036,13803601,138,138036010,036,010,03,89074.0,0.0,004500   N TENAYA                WAY L,0320  60,0078,0058,SOUTH MAIN L L C                2425 PING DR                    HENDERSON NV 89074,004500   N TENAYA                WAY, ,358.0,2853.99100085,429033.64453125,2853.966110910534
338,0,0, ,0, , ,13928401033,0,"DFA, LLC",672.0,58.0,0.0,05/07/08, ,VAR-26447, ,58 ft above grade of freeway ROC-26778 SDR-26639,14x48,1,750,Approved,5,589924.0,0.0,2.54,701.0,0.0,13928401033,701.0,701.0,139,28,4,01,033,212.0,2324-85,2324.0,201.0,19539.1298865,4528.0,D,6.0,4.0,4.0,412.0,,265026.231717,5,0.0,113.0,9805.19074535,15.32061054,89106.0,313007.0,212.0,D F A L L C,8350 EASTGATE RD,HENDERSON NV 89015, , , , ,890150000.0, ,1505.0, ,W,BONANZA,RD,LV, ,CF 14-2006;.37A TO RD 20070315:3963, ,00000000, ,PT SE4 SW4 SEC 28 20 61, , , , , ,2027.0,0.0,19980821, ,1998082101743, ,NS,0.0, , , , , ,28,20,61,0.0,0.0, ,3.0,580871.0, ,0.0,0.0,0.0, ,0.0, ,0.0, ,0.0, ,0.0,0.0,487931.0,0.0,0.0, ,0.0,0.0,0.0,0.0,0.0, ,0.0,0.0,0.0,N,20250908,20250908,0.0, ,13928401026,0.0, ,139,13928,139284,13928401,139,139284010,284,010,33,89015.0,0.0,001505   W BONANZA               RD  L,2820  61,0000,0000,D F A L L C                     8350 EASTGATE RD                HENDERSON NV 89015,001505   W BONANZA               RD, ,0.0,1299.96726861,108461.69140625,1299.9672686078159
340,0,0, ,3204, , Fremont,16201801003,16201801003,LAMAR,672.0,40.0,0.0, , , , , ,14x48,0,300, ,CC,454749.0,0.0,0.21,701.0,0.0,16201801003,701.0,701.0,162,01,8,01,003,125.0,2527-78,2527.0,1402.0,20339.8872485,5561.0,E,14.0,21.0,1.0,579.0,,0.0, ,0.0,0.0,0.0,0.0,89104.0,432338.0,125.0,CIRCLE K CORPORATION,C/O PPTY TAX DEPT - DC17,PO BOX 52085,PHOENIX AZ 85072-2085, , , ,850722085.0, ,3204.0, , ,FREMONT,ST,CNTY, ,"FR 320-080-019,029", ,PM00380033        L2, ,PARCEL MAP FILE 38 PAGE 33,LOT 2, , , , ,2027.0,1979.0,19890531, ,1989053100474, ,NS,0.0, , , , , ,01,21,61,358000.0,1.0, ,0.0,33619.0, ,0.0,0.0,2082.0, ,0.0, ,0.0, ,0.0, ,0.0,0.0,30417.0,2141.0,0.0, ,0.0,0.0,0.0,0.0,0.0, ,0.0,0.0,0.0,N,20231117,20231117,0.0, ,999999999,0.0, ,162,16201,162018,16201801,162,162018010,018,010,03,85072.0,2085.0,003204     FREMONT               ST  C,0121  61,0038,0033,CIRCLE K CORPORATION            C/O PPTY TAX DEPT - DC17        PO BOX 52085                    PHOENIX AZ 85072-2085,003204     FREMONT               ST, ,358.0,407.68893476,8534.189453125,407.6889347438556
341,0,0, ,1553,N,Eastern,13926505002,0, ,0.0,0.0,0.0, , , , , , ,1,300, ,3,583565.0,0.0,1.4000000000000001,701.0,0.0,13926505002,701.0,701.0,139,26,5,05,002,207.0,2326-19,2326.0,510.0,15899.1297833,5022.0,E,11.0,2.0,1.0,389.0,,150972.207738,3,0.0,57.0,8235.23370861,12.86755267,89101.0,310585.0,207.0,GROFT ARCHIE D & NAOMI REV TR,GROFT ARCHIE D & NAOMI CO-TRS,2184 CHRISTY LN,LAS VEGAS NV 89156-5644, , , ,891565644.0, ,1553.0, ,N,EASTERN,AVE,LV, , , ,00000000, ,PT NE4 NE4 SEC 26 20 61, , , , , ,2027.0,1962.0,19870910, ,1987091000625, ,NS,0.0, , , , , ,26,20,61,360000.0,1.0, ,1.0,202772.0, ,0.0,0.0,85783.0, ,0.0, ,0.0, ,0.0, ,0.0,0.0,181427.0,85791.0,0.0, ,0.0,0.0,0.0,0.0,0.0, ,0.0,0.0,0.0,N,20231117,20231117,0.0, ,020060021,0.0, ,139,13926,139265,13926505,139,139265050,265,050,02,89156.0,5644.0,001553   N EASTERN               AVE L,2620  61,0000,0000,GROFT ARCHIE D & NAOMI REV TR   GROFT ARCHIE D & NAOMI CO-TRS   2184 CHRISTY LN                 LAS VEGAS NV 89156-5644,001553   N EASTERN               AVE, ,360.0,1058.65668094,57832.2734375,1058.6566809445346
342,0,0, ,120,N,JONES,13825404004,0,LAMAR,672.0,65.0,0.0, ,SUP-39432,VAR-39433, ,SIGN Permit 184961 Issued 4/5/2011,14x48,0,750,Permitted,1,,,,,,,,,,,,,,,,,,,,,,,,,,,,,,,,,,,,,,,,,,,,,,,,,,,,,,,,,,,,,,,,,,,,,,,,,,,,,,,,,,,,,,,,,,,,,,,,,,,,,,,,,,,,,,,,,,,,,,,,,,,,,,,,,,,,,,,,,
343,0,0, ,0, , ,16304805006,0, ,0.0,0.0,0.0, , , , , , ,0,300, ,1,583093.0,0.0,1.3900000000000001,701.0,0.0,16304805006,701.0,701.0,163,04,8,05,006,200.0,2517-97,2517.0,2915.0,21727.3546954,6632.0,F,10.0,3.0,3.0,1289.0,,175071.718389,2,0.0,105.0,18966.199161,29.63468619,89117.0,488200.0,200.0,8000 SAHARA L L C,6140 BRENT THURMAN WAY STE 200,LAS VEGAS NV 89148, , , , ,891480000.0, ,8000.0, ,W,SAHARA,AVE,LV,UT 100, , ,PM00990014        L3, ,PARCEL MAP FILE 99 PAGE 14,LOT 3, , , , ,2027.0,2001.0,20140529, ,2014052900697, ,NS,2940000.0,R,20140501, , , ,04,21,60,335000.0,1.0, ,1.0,466220.0, ,0.0,0.0,493010.0, ,0.0, ,0.0, ,0.0, ,0.0,0.0,423836.0,504995.0,0.0, ,0.0,0.0,0.0,0.0,0.0, ,0.0,0.0,0.0,N,20241016,20241016,0.0, ,16304805001,0.0, ,163,16304,163048,16304805,163,163048050,048,050,06,89148.0,0.0,008000   W SAHARA                AVE L,0421  60,0099,0014,8000 SAHARA L L C               6140 BRENT THURMAN WAY STE 200  LAS VEGAS NV 89148,008000   W SAHARA                AVE, ,335.0,1110.34435878,60058.19921875,1110.3443587782106
345,0,0, ,2500,W,Sahara,16205802009,0,NEVADA DEVELOPMENT AND REALTY CO,30.0,8.0,12650.0,6/13/12,SUP- 44951,VAR-44952, ,SIGN-192930,5x6,0,300, ,1,826201.0,5.62400007,5.69,701.0,0.0,16205802009,701.0,701.0,162,05,8,02,009,200.0,2523-99,2523.0,1006.0,21129.3090826,5554.0,E,10.0,3.0,4.0,555.0,,161583.305707,1,0.0,83.0,11202.3105405,17.50361022,89102.0,440080.0,200.0,N F C L L C,C/O NEVADA FIN CTR,2300 W SAHARA # 530,LAS VEGAS NV 89102, , , ,891020000.0, ,2300.0, ,W,SAHARA,AVE,LV,1170,20250515:1036.1037 RD, ,PM00170026PT      L4, ,PARCEL MAP FILE 17 PAGE 26,PT LOT 4,& PT SE4 SE4 SEC 05 21 61, , , ,2027.0,1987.0,19921230, ,1992123000389, ,NS,0.0, , , , , ,05,21,61,338000.0,1.0, ,6.0,1363704.0, ,0.0,0.0,9355475.0, ,0.0, ,0.0, ,0.0, ,0.0,0.0,1363704.0,9502960.0,0.0, ,0.0,0.0,0.0,0.0,0.0, ,0.0,0.0,0.0,N,20231117,20231117,0.0, ,16205802004,0.0, ,162,16205,162058,16205802,162,162058020,058,020,09,89102.0,0.0,002300   W SAHARA                AVE L,0521  61,0017,0026,N F C L L C                     C/O NEVADA FIN CTR              2300 W SAHARA # 530             LAS VEGAS NV 89102,002300   W SAHARA                AVE, ,338.0,2944.54202958,244996.0078125,2944.542029588013
346,0,0,,431,E,BONANZA,13927803008,0,,0.0,0.0,0.0,7/09/13,SUP-48183,,,,,0,750,Approved,5,644155.0,5.49509001,5.5,701.0,0.0,13927803008,701.0,701.0,139,27,8,03,008,203.0,2325-97,2325.0,700.0,20035.3233974,4510.0,D,11.0,2.0,4.0,461.0,,265026.231717,5,0.0,113.0,9805.19074535,15.32061054,89101.0,312482.0,203.0,CITY OF LAS VEGAS,495 S MAIN ST,5TH FLR,LAS VEGAS NV 89101, , , ,891010000.0, ,500.0, ,N,CASINO CENTER,BLVD,LV, ,SF 190-85;A-20140203:2292, ,PM01190012        L1, ,PARCEL MAP FILE 119 PAGE 12,LOT 1, , , , ,2027.0,1954.0,19990909, ,1999090983898, ,NS,0.0, , , , , ,27,20,61,470000.0,1.0, ,6.0,855301.0, ,0.0,0.0,2418542.0, ,0.0, ,0.0, ,0.0,60,3273842.0,0.0,737906.0,2445967.0,0.0, ,3183873.0,0.0,0.0,0.0,0.0, ,0.0,0.0,0.0,N,20251014,20251014,0.0, ,13927803006,0.0, ,139,13927,139278,13927803,139,139278030,278,030,08,89101.0,0.0,000500   N CASINO CENTER         BLVDL,2720  61,0119,0012,CITY OF LAS VEGAS               495 S MAIN ST                   5TH FLR                         LAS VEGAS NV 89101,000500   N CASINO CENTER         BLVD, ,470.0,2181.95548749,239368.30859375,2181.9554874919086
347,0,0,,3100,,STEWART,13936604001,0,,0.0,0.0,0.0,7/09/13,SUP-49534,,,,,0,750,Approved,3,600362.0,0.0,11.69,701.0,0.0,13936604001,701.0,701.0,139,36,6,04,001,200.0,2427-57,2427.0,516.0,20160.1254255,4543.0,D,11.0,2.0,1.0,497.0,,150972.207738,3,0.0,57.0,8235.23370861,12.86755267,89101.0,324769.0,200.0,CITY OF LAS VEGAS,495 S MAIN ST,5TH FLR,LAS VEGAS NV 89101, , , ,891010000.0, ,3100.0, , ,STEWART,AVE,LV, , , ,00000000, ,PT S2 NE4 SEC 36 20 61, , , , , ,2027.0,1982.0, , ,00000000, ,NS,0.0, , , , , ,36,20,61,460000.0,1.0, ,12.0,1363426.0, ,0.0,0.0,8284449.0, ,0.0, ,0.0, ,0.0,60,9647875.0,0.0,1363426.0,8361281.0,0.0, ,9724707.0,0.0,0.0,0.0,0.0, ,0.0,0.0,0.0,N,20231117,20231117,0.0, ,020600001,0.0, ,139,13936,139366,13936604,139,139366040,366,040,01,89101.0,0.0,003100     STEWART               AVE L,3620  61,0000,0000,CITY OF LAS VEGAS               495 S MAIN ST                   5TH FLR                         LAS VEGAS NV 89101,003100     STEWART               AVE, ,460.0,4447.68483561,500579.30078125,4447.684835649458
348,0,0,,5550,,Painted Mirage,12534116004,0,Khaneh Holdings LLC,0.0,0.0,0.0,7/24/13,SUP-47834,,,,,1,750,Approved,4,603906.0,0.0,5.25,811.0,0.0,12534116004,811.0,811.0,125,34,1,16,004,200.0,1718-13,1718.0,3204.0,31284.7049614,3464.0,C,3.0,3.0,4.0,129.0,,456628.105837,4,0.0,73.0,16334.561019,25.52275159,89149.0,136417.0,200.0,PARDIS 28 L L C SERIES 4,5550 PAINTED MIRAGE RD STE 300,LAS VEGAS NV 89149, , , , ,891490000.0, ,5550.0, , ,PAINTED MIRAGE,RD,LV,250, , ,PB00990016PT      L1, ,ANN ROAD-US 95 COML PARK,PLAT BOOK 99 PAGE 16,PT LOT 1, , , ,2027.0,2005.0,20250415, ,2025041502031, ,NS,9010000.0,M,20100901, , , ,34,19,60,335000.0,1.0, ,5.0,1404729.0, ,0.0,0.0,9577127.0, ,0.0, ,0.0, ,0.0, ,0.0,0.0,1332691.0,9190004.0,0.0, ,0.0,0.0,0.0,0.0,0.0, ,0.0,0.0,0.0,N,20231117,20231117,0.0, ,12534116002,0.0, ,125,12534,125341,12534116,125,125341160,341,160,04,89149.0,0.0,005550     PAINTED MIRAGE        RD  L,3419  60,0099,0016,PARDIS 28 L L C SERIES 4        5550 PAINTED MIRAGE RD STE 300  LAS VEGAS NV 89149,005550     PAINTED MIRAGE        RD, ,335.0,2185.4375789,228844.4453125,2185.437578912121
349,0,0,,3961,E,BONANZA,14031102002,0,,0.0,0.0,0.0,7/09/13,SUP-48180,,,,,0,300,Approved,3,700602.0,0.0,8.02,701.0,0.0,14031102002,701.0,701.0,140,31,1,02,002,200.0,2428-14,2428.0,516.0,20160.1254255,4541.0,D,11.0,2.0,1.0,500.0,,150972.207738,3,0.0,57.0,8235.23370861,12.86755267,89110.0,356025.0,200.0,CITY OF LAS VEGAS,495 S MAIN ST,5TH FLR,LAS VEGAS NV 89101, , , ,891010000.0, ,3951.0, ,E,BONANZA,RD,LV, , , ,PM00840028        L1, ,PARCEL MAP FILE 84 PAGE 28,LOT 1, , , , ,2027.0,0.0,19960131, ,1996013102357, ,NS,0.0, , , , , ,31,20,62,0.0,0.0, ,8.0,770319.0, ,0.0,0.0,0.0, ,0.0, ,0.0, ,0.0,60,770319.0,0.0,715296.0,0.0,0.0, ,715296.0,0.0,0.0,0.0,0.0, ,0.0,0.0,0.0,N,20231117,20231117,0.0, ,14031102001,0.0, ,140,14031,140311,14031102,140,140311020,311,020,02,89101.0,0.0,003951   E BONANZA               RD  L,3120  62,0084,0028,CITY OF LAS VEGAS               495 S MAIN ST                   5TH FLR                         LAS VEGAS NV 89101,003951   E BONANZA               RD, ,0.0,3486.28624645,350472.478515625,3486.14240774785
350,0,0,,650,N,MOJAVE,13925802006,0,ELITE MEDIA,0.0,0.0,0.0,7/09/13,SUP-48181,,,,,0,300,,3,699472.0,0.0,30.400000000000002,701.0,0.0,13925802006,701.0,701.0,139,25,8,02,006,200.0,2327-87,2327.0,514.0,20888.8292978,4548.0,D,11.0,2.0,1.0,427.0,,150972.207738,3,0.0,57.0,8235.23370861,12.86755267,89101.0,310243.0,200.0,CITY OF LAS VEGAS,495 S MAIN ST,5TH FLR,LAS VEGAS NV 89101, , , ,891010000.0, ,650.0, ,N,MOJAVE,RD,LV, ,PT-211:0171912;.01A TO RD 961206:1389, ,PM00860048        L4, ,PARCEL MAP FILE 86 PAGE 48,LOT 4, , , , ,2027.0,2016.0, , ,00000000, ,NS,0.0, , , , , ,25,20,61,460000.0,0.0, ,30.0,2410088.0, ,0.0,0.0,0.0, ,0.0, ,0.0, ,0.0,60,2410088.0,0.0,1738044.0,0.0,0.0, ,1738044.0,0.0,0.0,0.0,0.0, ,0.0,0.0,0.0,N,20251014,20251014,0.0, ,13925802003,0.0, ,139,13925,139258,13925802,139,139258020,258,020,06,89101.0,0.0,000650   N MOJAVE                RD  L,2520  61,0086,0048,CITY OF LAS VEGAS               495 S MAIN ST                   5TH FLR                         LAS VEGAS NV 89101,000650   N MOJAVE                RD, ,460.0,6993.27391388,1319161.814453125,6993.020600615513
351,0,0,,1400,N,DECATUR,13930101006,0,1,1.0,1.0,1.0,7/09/13,SUP-48182,,,,,0,300,,5,585183.0,49.28739929,48.94,701.0,0.0,13930101006,701.0,701.0,139,30,1,01,006,200.0,2322-22,2322.0,101.0,28476.6685097,4633.0,D,6.0,4.0,4.0,381.0,,265026.231717,5,0.0,113.0,9805.19074535,15.32061054,89108.0,315590.0,200.0,CITY OF LAS VEGAS,400 E STEWART,LAS VEGAS NV 89101-2913, , , , ,891012913.0,LAS VEGAS GOLF CLUB,4357.0, , ,VEGAS,DR,LV, ,"FR 139-30-101-004,005", ,00000000, ,PT N2 NW4 SEC 30 20 61, , , , , ,2027.0,1970.0, , ,00000000, ,NS,0.0, , , , , ,30,20,61,346000.0,1.0, ,49.0,3171929.0, ,0.0,0.0,1817677.0, ,0.0, ,0.0, ,0.0,60,4989606.0,0.0,3171929.0,1776737.0,0.0, ,4948666.0,0.0,0.0,0.0,0.0, ,0.0,0.0,0.0,N,20231117,20231117,0.0, ,13930101005,0.0, ,139,13930,139301,13930101,139,139301010,301,010,06,89101.0,2913.0,004357     VEGAS                 DR  L,3020  61,0000,0000,CITY OF LAS VEGAS               400 E STEWART                   LAS VEGAS NV 89101-2913,004357     VEGAS                 DR, ,346.0,6508.14662521,2146957.900390625,6508.14662520372
352,0,0,,3100,,STEWART,13936604001,0,,0.0,0.0,0.0,08/12/14,SUP-54828,,,,,0,750,Approved,3,600362.0,0.0,11.69,701.0,0.0,13936604001,701.0,701.0,139,36,6,04,001,200.0,2427-57,2427.0,516.0,20160.1254255,4543.0,D,11.0,2.0,1.0,497.0,,150972.207738,3,0.0,57.0,8235.23370861,12.86755267,89101.0,324769.0,200.0,CITY OF LAS VEGAS,495 S MAIN ST,5TH FLR,LAS VEGAS NV 89101, , , ,891010000.0, ,3100.0, , ,STEWART,AVE,LV, , , ,00000000, ,PT S2 NE4 SEC 36 20 61, , , , , ,2027.0,1982.0, , ,00000000, ,NS,0.0, , , , , ,36,20,61,460000.0,1.0, ,12.0,1363426.0, ,0.0,0.0,8284449.0, ,0.0, ,0.0, ,0.0,60,9647875.0,0.0,1363426.0,8361281.0,0.0, ,9724707.0,0.0,0.0,0.0,0.0, ,0.0,0.0,0.0,N,20231117,20231117,0.0, ,020600001,0.0, ,139,13936,139366,13936604,139,139366040,366,040,01,89101.0,0.0,003100     STEWART               AVE L,3620  61,0000,0000,CITY OF LAS VEGAS               495 S MAIN ST                   5TH FLR                         LAS VEGAS NV 89101,003100     STEWART               AVE, ,460.0,4447.68483561,500579.30078125,4447.684835649458
354,298,71, ,100, ,City,13927410013,0,Clear Channel Outdoor,672.0,71.0,0.0,05/18/05,SUP-5877; U-94-98; Z-100-97,VAR-24021; VAR-6355; VAR-5878,RQR-11403; RQR-5683; RQR-1974,EOT-21831; EOT-21830,14x48,1,750, ,5,,,,,,,,,,,,,,,,,,,,,,,,,,,,,,,,,,,,,,,,,,,,,,,,,,,,,,,,,,,,,,,,,,,,,,,,,,,,,,,,,,,,,,,,,,,,,,,,,,,,,,,,,,,,,,,,,,,,,,,,,,,,,,,,,,,,,,,,,
355,2,2, ,2070,N,RAINBOW,13823215012,13823215012, JA TIBERTI CONSTRUCTION COMPANY,1000.0,97.0,0.0,05/15/96, ,V-0040-96, , ,96X44,0,300, ,5,561345.0,0.0,1.26,807.0,0.0,13823215012,807.0,807.0,138,23,2,15,012,200.0,2219-41,2219.0,3419.0,17710.4715708,2014.0,B,3.0,3.0,4.0,311.0,,265026.231717,5,0.0,113.0,9805.19074535,15.32061054,89108.0,237123.0,200.0,VESTAR BEST IN THE WEST PROPERTY,SWEET TOMATOES LEASE,C/O BITW PROPERTY MGMT,2425 E CAMELBACK RD # 750,PHOENIX AZ 85016, , ,850160000.0, ,2160.0, ,N,RAINBOW,BLVD,LV, , , ,PB00720073PTBA    L1, ,BEST IN THE WEST,PLAT BOOK 72 PAGE 73,PT LOT 1 BLOCK A, , , ,2027.0,1998.0,20180209, ,2018020901221, ,NS,78600000.0,M,20050401, , , ,23,20,60,360000.0,1.0, ,1.0,301214.0, ,0.0,0.0,379801.0, ,0.0, ,0.0, ,0.0, ,0.0,0.0,282773.0,391167.0,0.0, ,0.0,0.0,0.0,0.0,0.0, ,0.0,0.0,0.0,N,20231117,20231117,0.0, ,13823215009,0.0, ,138,13823,138232,13823215,138,138232150,232,150,12,85016.0,0.0,002160   N RAINBOW               BLVDL,2320  60,0072,0073,VESTAR BEST IN THE WEST PROPERTYSWEET TOMATOES LEASE            C/O BITW PROPERTY MGMT          2425 E CAMELBACK RD # 750       PHOENIX AZ 85016,002160   N RAINBOW               BLVD, ,360.0,1427.72612174,55010.03515625,1427.7261217549292
356,91,10, ,1405,N,A St.,13927501003,10490008,EWING REX C JR,0.0,0.0,0.0,1/31/96, ,,, ,,0,750, ,5,668056.0,0.0,3.0300000000000002,701.0,0.0,13927501003,701.0,701.0,139,27,5,01,003,214.0,2325-25,2325.0,301.0,35552.9137961,4030.0,D,6.0,4.0,4.0,385.0,,265026.231717,5,0.0,113.0,9805.19074535,15.32061054,89106.0,312263.0,214.0,EWING INVESTMENTS,1200 A ST,LAS VEGAS NV 89106-3215, , , , ,891063215.0, ,1405.0, , ,A,ST,LV, , , ,00000000, ,PT NW4 NE4 SEC 27 20 61, , , , , ,2027.0,1978.0,20050301, ,2005030104860, ,NS,2550000.0,R,20050301, , , ,27,20,61,378000.0,1.0, ,3.0,346466.0, ,0.0,0.0,473501.0, ,0.0, ,0.0, ,0.0, ,0.0,0.0,300271.0,483326.0,0.0, ,0.0,0.0,0.0,0.0,0.0, ,0.0,0.0,0.0,N,20231117,20231117,0.0, ,13927501003,0.0, ,139,13927,139275,13927501,139,139275010,275,010,03,89106.0,3215.0,001405     A                     ST  L,2720  61,0000,0000,EWING INVESTMENTS               1200 A ST                       LAS VEGAS NV 89106-3215,001405     A                     ST, ,378.0,1456.43753565,130023.58203125,1456.437535653471
357,185,33, ,400,S,Decatur,13836601009,0, ,,,, , , , , , ,0,300, ,1,,,,,,,,,,,,,,,,,,,,,,,,,,,,,,,,,,,,,,,,,,,,,,,,,,,,,,,,,,,,,,,,,,,,,,,,,,,,,,,,,,,,,,,,,,,,,,,,,,,,,,,,,,,,,,,,,,,,,,,,,,,,,,,,,,,,,,,,,
