OBJECTID,LVBOARDS_,LVBOARDS_I,SIGN_TYPE,STREET_NUM,STREET_DIR,STREET_NAM,PARCEL,PARCELOLD,APPLICANT,SIGN_AREA,SIGN_HEIGH,TAG_NUM,APPLY_DATE,NOTES_SUP,NOTES_VAR,NOTES_RQR,NOTES,SIZE_,FIELD_CHEC,FREEWAY,APP_FIN,WARD,LON,LAT
1,2,1,37,5501, ,Drexel,12534501003,12534501003,Fletcher Jones,219.0,30.0,0.0, ,U-35-93,VAR-1550,RQR-29149: RQR-2814; U-35-93(2), ,12.5x17.5,1,750, ,6,-115.25180079289345,36.262649061872246
2,6,12,AA,4950,N,RANCHO,12535401001,12535401001,LAMAR,672.0,40.0,963.0,6/14/95,U-37-95, ,RQR-18680; RQR-9375; RQR-5166, ,14x48,1,300, ,6,-115.24194943722554,36.25063566373091
4,8,13, ,3901,N,Rancho,13812110004,13812110004,Clear Channel Outdoor,672.0,40.0,0.0, ,U-10-97, ,RQR-39501; 22126; 4270; U-10-97(1), ,14x48,1,300, ,6,-115.22328021217717,36.228945660462394
5,9,18, ,3901,N,Rancho,13812110005,13812110004,Clear Channel Outdoor,288.0,40.0,0.0, , , , , , ,1,300, ,6,-115.22265551396453,36.22819434414714
6,10,16, ,3340,N,Rancho,13812810004,13812810004,Clear Channel Outdoor,672.0,50.0,1234.0, ,U-119-95, ,RQR-32723, ,14x48,1,300, ,6,-115.21392336346344,36.21960970314395
7,11,8,AA,3282,N,RANCHO,13812810042,13812810042,LAMAR,672.0,40.0,756.0,2/3/95,U-288-94, ,U-288-94(1), ,14x48,1,300, ,6,-115.2129763279711,36.218440837194834
8,12,7,AA,3201,N,RANCHO,13812801011,13812801011,LAMAR,672.0,40.0,754.0,2/1/95,U-0260-94, ,RQR-24332; RQR-6792; U-260-94(1), ,14x48,1,300, ,6,-115.21295117271086,36.21754137202783
9,13,11,AA,0,N,Rancho,13813505001,13813505001,Clear Channel Outdoor,288.0,30.0,0.0, , , , ,North Las Vegas,12x24,1,300, ,NLV,-115.20859062397312,36.21384865551859
10,14,5,AA,2951,N,RANCHO,13813601019,13813601002,Rancho Oasis,672.0,40.0,936.0,6/2/95, ,V-23-95,RQR-29275; RQR-2785, ,14x48,1,300, ,5,-115.20862998620505,36.212871024985155
11,15,5,AA,2901,N,RANCHO,13813601019,13813601002,Rancho Oasis,672.0,40.0,937.0,6/2/95, ,V-23-95,RQR-29275; RQR-2785, ,14x48,1,300, ,5,-115.20801256637981,36.212191134720726
12,16,1,AA,2750,N,Decatur,13918302002,13918302002,Clear Channel Outdoor,672.0,40.0,0.0,03/20/91,U-30-91, ,RQR-33320; U-30-91(1), ,14x48,1,300, ,5,-115.20473639544936,36.20873471373469
13,17,7, ,0, , ,13918403002,13918403001,LAMAR,672.0,40.0,0.0, ,U-21-97, ,RQR-21509; U-21-97(1), ,14x48,1,300, ,5,-115.19958238489771,36.20304985323829
14,18,6,AA,2151,N,RANCHO,13919103002,13919103001,Clear Channel Outdoor,672.0,40.0,0.0, ,U-29-96, ,RQR-33341, ,14x48,1,300, ,5,-115.19655052346677,36.19966258234122
15,21,9,AA,1998,N,RANCHO,13919705001,13919705001,Rancho Allen,672.0,40.0,1722.0,10-3-96,U-80-96, ,RQR-34410;RQR-18896; RQR-5741, ,14x48,1,300, ,5,-115.19141945534493,36.194969268178305
16,22,8, ,1999,N,Rancho,13919703005,13919703005,Clear Channel Outdoor,672.0,40.0,0.0, ,U-36-87, ,"RQR-23936; U-36-87(1),(2)&(3)", ,14x48,1,300, ,5,-115.19268691633057,36.19545456050423
17,24,11,AA,1852,N,RANCHO,13919705001,13919705001,Rancho Allen,672.0,40.0,1723.0,10-3-96,U-80-96, ,RQR-34410;RQR-18896; RQR-5741, ,14x48,1,300, ,5,-115.19007594830158,36.19346953796312
18,26,3,AA,1767,N,RANCHO,13919812018,13919812018,?,672.0,40.0,404.0,7/19/94,U-109-94, ,RQR-30162;RQR-2891, ,14x48,1,300, ,5,-115.18927375640756,36.191755442181986
19,27,1,AA,1600,N,RANCHO,13920411005,13920411005,LAMAR,672.0,40.0,860.0,4/18/95,U-314-94, ,RQR-22270; RQR-4242, ,14x48,1,300, ,5,-115.18574553633376,36.18880789122421
20,28,4,AA,840,N,Rancho,13929702002,13929702002,VIACOM,672.0,40.0,820.0,3/16/95,U-319-94, ,RQR-31809; U-319-94(1), ,14x48,1,300, ,5,-115.17802594796026,36.18018806558238
21,29,8, ,816,N,Rancho,13929704001,13929704001,LAMAR,672.0,40.0,1239.0,12/6/95,U-107-95, ,RQR-6250; RQR-1738, ,14x48,1,300, ,5,-115.17701268439204,36.17925128825309
22,30,7, ,601,N,Rancho,13929703003,13929703003,Clear Channel Outdoor,672.0,40.0,0.0, ,U-34-66, , , ,14x48,1,750, ,5,-115.17660306996044,36.17759945565127
23,31,11, ,2401,W,Bonanza,13929801004,13929801004,LAMAR,672.0,0.0,0.0, , , , , ,14x48,1,750, ,5,-115.17302622590556,36.17608775663644
24,32,11, ,2220,W,Charleston,13932804010,13932804010, ,672.0,40.0,0.0,11-10-83, , , ,DONREY,14x48,0,300, ,5,-115.17256777024807,36.15940571153706
26,34,19,AA,6704,W,Cheyene,13810816007,13810816007,LAMAR,672.0,30.0,0.0, , ,V-155-96,V-155-96(1), ,14x48,1,750, ,4,-115.24538271423744,36.21964137404821
27,35,16,AA,1701,N,RAINBOW,13822812001,13822803001,LAMAR,672.0,40.0,417.0,7/26/94,U-55-89, ,"RQR-12174; U-55-89(1),(2)&(3)", ,14x48,1,750, ,5,-115.24396222203627,36.18996922355065
28,36,15, ,0, , ,13827501001,13827501001,LAMAR,672.0,55.0,0.0, ,U-65-92, ,RQR-34975; RQR-21508; U-65-92(1)&(2), ,14x48,1,750, ,1,-115.24502372554277,36.18829342474012
29,37,16, ,1399, ,Rainbow,13827502007,13827502002, ,672.0,40.0,1435.0,4/22/96,U-138-90,V-86-95,RQR-25872; V-86-95(1)&(2), ,14x48,1,750, ,5,-115.24392657891643,36.18671933466476
30,38,6, ,192,N,Wallace,13826801009,13826801009,Clear Channel Outdoor,672.0,65.0,0.0, , , , ,"SDR-35904;L-0343-05, moved US95 widening;L-4725-04",14x48,1,750,Finnaled,1,-115.2262092902601,36.17465611322832
31,40,26,45,2017,W,Bonanza,13928401001,13928410023,Clear Channel Outdoor,672.0,70.0,0.0,5/20/04,SUP-12936, ,RQR-28136,L-4724-04,14x48,1,750,Finalled,5,-115.16885222324741,36.17661105434822
32,41,25,45,1915,W,Bonanza,13928412001,13928401024,LAMAR,672.0,40.0,0.0, , , , ,"L-4521-03, moved US 95 widening",14x48,1,750, ,5,-115.16695329175157,36.17652211149712
33,43,16,45,0, , ,13928801003,13928801003,Clear Channel Outdoor,672.0,40.0,0.0, , , , , ,14x48,1,750, ,5,-115.1594353024526,36.17560730900197
34,44,13,45,720,W,Mesquite,13928802001,13928802001,LAMAR,672.0,70.0,0.0, ,U-77-97, , , ,14x48,1,750, ,5,-115.1525814426174,36.174621949777844
35,45,34, ,0, , ,13927401006,13927401006,Clear Channel Outdoor,672.0,0.0,0.0, , , , , ,14x48,1,750, ,5,-115.14945055958542,36.17540724559924
36,46,33, ,420,W,Mesquite,13927401022,13927401022, ,672.0,0.0,0.0, , , , ,DONREY,14x48,1,750, ,5,-115.14771485702892,36.175918127900864
37,47,32, ,0, , ,13927401031,13927401024,VIACOM,672.0,40.0,0.0, ,U-22-92,V-46-92,RQR-34324;RQR-13616; RQR-6345; RQR-1909,ROC-18260; DIR-14084,14x48,1,750, ,5,-115.14587125965681,36.17579062831658
38,48,40, ,429,N,Bonanza,13927403002,13927403002,LAMAR,672.0,0.0,0.0,10-3-83, , , , ,14x48,1,750, ,5,-115.1431682834683,36.17562171840167
39,49,26, ,650,E,Bonanza,13927804003,13927804003,LAMAR,672.0,60.0,0.0, ,U-33-88, ,RQR-32716; U-33-88(1), ,14x48,1,750, ,5,-115.13553098689061,36.173938298022016
40,50,4,AA,369,N,13TH,13935101001,13935101001,LAMAR,672.0,75.0,978.0,6/26/95,U-0322-94, ,RQR-33351; U-322-94(1),SDR-27197,14x48,1,750, ,5,-115.12939830628825,36.17019123823444
41,51,7, ,3300,E,Bonanza,13936502003,13936502003,LAMAR,672.0,57.0,0.0, ,U-34-96, , ,5 yr review has not been done,14x48,1,750, ,3,-115.10468733511179,36.1681099799496
42,52,8, ,3300,E,Bonanza,13936502003,13936502003,LAMAR,672.0,57.0,0.0, ,U-34-96, , ,5 yr review has not been done,14x48,1,750, ,3,-115.10282053857517,36.16799596933011
43,53,9, ,3300,E,Bonanza,13936502003,13936502003,LAMAR,672.0,57.0,0.0, ,U-34-96, , ,5 yr review has not been done,14x48,1,750, ,3,-115.10089624279603,36.1678557904009
44,54,10, ,3300,E,Bonanza,13936502003,13936502003,LAMAR,672.0,70.0,0.0, ,U-34-96, , ,SDR-27195,14x48,1,750, ,3,-115.09897900293043,36.167389983341614
45,55,6, ,2800, ,Marlin,13936213001,13936213001,LAMAR,672.0,80.0,1124.0,9/25/95,U-41-95, ,RQR-36250; RQR-5170,SDR-27196,14x48,1,750, ,3,-115.1114913531298,36.167233285495136
46,56,27, ,2421,E,Stewart,13935612044,13935612044,Clear Channel Outdoor,672.0,75.0,0.0, ,U-0029-87, ,RQR-29719; RQR-1793, ,14x48,1,750, ,3,-115.11632385438844,36.166926026258466
47,57,26, ,2015,E,Stewart,13935611087,13935611087, ,672.0,65.0,0.0, , ,V-96-92, ,5 yr review has not been done,14x48,1,750, ,3,-115.12107515127127,36.16685858549427
48,58,10, ,339,N,13th,13935201003,13935212005,LAMAR,672.0,50.0,0.0, , , , ,Z-70-91,14x48,1,750, ,5,-115.12940070840129,36.16947362961888
49,59,39, ,0, , ,13927401031,13927410003,LAMAR,672.0,72.0,0.0, ,U-238-91, ,RQR-30641;RQR-13989; RQR-6252; RQR-1993, ,14x48,1,750, ,5,-115.14618098815782,36.17520023792622
50,60,35, ,0, , ,13927410005,13927410004,Clear Channel Outdoor,672.0,0.0,0.0, ,U-94-98; Z-100-97, ,RQR-35268; 21345; 11403; 5683; 1974, ,14x48,1,750, ,5,-115.14965134343953,36.173888654459965
51,61,36, ,0, , ,13927410005,13927410004,Clear Channel Outdoor,672.0,0.0,0.0, ,U-94-98; Z-100-97, ,RQR-35268; 21345; 11403; 5683; 1974, ,14x48,1,750, ,5,-115.15132411280888,36.17344676277354
52,62,22, ,0, , ,13933511004,13933511002,VIACOM,672.0,0.0,0.0, ,U-94-98; Z-100-97; U-314-91, ,RQR-34844; 21496; 12065; 6003; 1974, ,14x48,1,750, ,5,-115.154954007921,36.17214643556873
53,63,31, ,0, , ,13933710003,13933710001,Clear Channel Outdoor,672.0,40.0,0.0, ,Z-100-97; U-315-91, ,RQR-1974, ,14x48,1,750, ,5,-115.15929421569862,36.16528956177029
54,64,32, ,0, , ,13933710003,13933710001,Clear Channel Outdoor,1200.0,50.0,0.0, ,SUP-10134,VAR-10409,RQR-33270,Z-100-97; RQR-1974,20x60,1,750, ,5,-115.15967159932765,36.16229713082343
55,66,25, ,1500,S,Western,16204602011,16204602011, ,672.0,30.0,0.0, , ,V-93-91,V-93-91(1), ,14x48,1,750, ,3,-115.16113986378998,36.15442029987873
56,67,25, ,1508,S,Western,16204602010,16204602010, ,672.0,0.0,0.0, , ,V-93-91,V-93-91(1), ,14x48,1,750, ,3,-115.1621847852937,36.15305371414366
57,68,30, ,1604,W,Oakey,16204602009,16204602009, ,672.0,40.0,0.0, , , , ,DONREY,14x48,1,750, ,3,-115.1628190001645,36.15235282936895
60,71,28, ,2002, ,Highland,16204301008,16204301008,Clear Channel Outdoor,672.0,65.0,0.0, , ,V-26-88,RQR-35243; 21344; 6150; 1704, ,14x48,1,750, ,3,-115.16635562975641,36.14893567419091
61,74,14, ,2801,W,Westwood,16208604001,16208604001,LAMAR,672.0,55.0,0.0, , ,VAR-4733, ,L-4119-04,14x48,1,750, ,1,-115.17423597013898,36.140013241490706
62,75,15, ,0, , ,16208604002,16208604002, ,672.0,0.0,0.0, , , , ,DONREY,14x48,1,750, ,1,-115.17517443669786,36.13886899261493
63,76,22, ,3260,S,Rancho,16208418002,16208401004,LAMAR,672.0,70.0,0.0,11/30/95,U-101-95, ,RQR-33287; RQR-5513, ,14x48,1,750, ,1,-115.18128139948597,36.13046024928758
64,77,20, ,2900,W,Sirus,16208702002,16208702002, ,672.0,40.0,0.0,06/15/94, ,V-58-94, , ,14x48,1,750, ,1,-115.18045381609855,36.133601728880684
65,78,20, ,2900,W,Sirus,16208702002,16208702002, ,672.0,40.0,0.0,8/11/94,U-168-92,V-58-94,RQR-26324; RQR-1143, ,14x48,1,750, ,1,-115.17962559428366,36.135142880753996
66,79,18, ,2800,S,Rancho,16208610104,16208602006, ,672.0,65.0,0.0, , ,V-01-87,V-01-87(1)&(2),2 yr review has not been done,14x48,1,750, ,1,-115.17791599296882,36.1374248628189
67,80,17, ,2800,S,Rancho,16208610104,16208602006, ,672.0,65.0,0.0,12/04/86, ,V-104-86, , ,14x48,1,750, ,1,-115.17678143354485,36.13866125750686
68,81,16, ,2800,S,Rancho,16208610104,16208602006, ,672.0,65.0,0.0,12/07/86, ,V-104-86, , ,14x48,1,750, ,1,-115.17600046941605,36.13985223185314
69,82,19,AA,2320,S,RANCHO,16204412005,16204401004,VIACOM,672.0,90.0,719.0,1/19/95, ,V-154-94,RQR-39424; RQR-24171; RQR-3705, ,14x48,1,750, ,1,-115.17164804566174,36.14499737739729
70,83,30, ,0, , ,13933701005,13933701005,LAMAR,72.0,20.0,0.0, , , , , , ,1,750, ,5,-115.16065671813251,36.16448518879474
71,84,28, ,0, , ,13933701005,13933701005, ,672.0,40.0,0.0, , , , ,DONREY,14x48,1,750, ,5,-115.1606121816381,36.16516966623629
72,85,26, ,351,S,Martin L King,13933601003,13933601003,LAMAR,672.0,40.0,0.0,5-31-83, , , , ,14x48,1,750, ,5,-115.15992117770752,36.167592543981904
73,86,20, ,0, , ,13933501012,13933501012,Clear Channel Outdoor,288.0,0.0,0.0, ,U-159-89, ,RQR-31586;RQR-3732,SDR-71228, ,1,750, ,5,-115.159613973886,36.169872878106425
74,87,19, ,275,S,Martin L. King,13933510007,13933510006,DONREY,672.0,0.0,0.0, , , , , ,14x48,1,750, ,5,-115.15792861612108,36.172306189029875
75,88,20,45,81,S,Martin L. King,13933510002,13933510002,DONREY,672.0,0.0,0.0, , ,V-20-91,RQR-33830; V-20-91(1)&(2), ,14x48,1,750, ,5,-115.1579940607996,36.173644371741965
76,89,13,45,720,W,Mesquite,13928802001,13928802001,LAMAR,672.0,85.0,0.0, ,U-77-97, , , ,14x48,1,750, ,5,-115.15186406318129,36.17606737962347
78,91,10, ,1405,N,A St.,13927501003,10490008,LAMAR,672.0,80.0,1322.0,1/31/96, ,V-131-90,RQR-33286; RQR-5732, ,14x48,1,750, ,5,-115.14292881070149,36.18619704404504
79,92,24, ,616, ,H St.,13927310069,13927310069,Eagle,672.0,85.0,0.0, , ,V-66-97,RQR-32901; V-66-97(1), ,14x48,1,750, ,5,-115.15133824234972,36.177760553956844
80,93,15,45,831,W,Bonanza,13928801010,13928801010,Clear Channel Outdoor,672.0,40.0,0.0, ,U-86-86, ,RQR-33344; U-86-86(1)&(2), ,14x48,1,750, ,5,-115.15270280972318,36.176808424098404
81,94,11,AA,901,N,BUFFALO,13828620003,13828620001, ,672.0,40.0,0.0,06/19/96, ,V-43-96,RQR-33738; V-43-96(1), ,14x48,1,750, ,4,-115.2601937077582,36.18199970624559
82,96,7,AA,2401,N,DECATUR,13813801083,13813801083,LAMAR,672.0,40.0,1029.0,7/21/95,U-36-95, ,RQR-17764; RQR-4959, ,14x48,1,300, ,5,-115.20609712290292,36.203369615812754
83,97,5,AA,2390,N,DECATUR,13919101001,13919101001,LAMAR,672.0,40.0,505.0,9/21/94,U-173-94, ,RQR-31834;U-173-94(1), ,14x48,1,300, ,5,-115.2050809895876,36.20247390978753
84,99,7, ,5910,W,Lake Mead,13824215006,13824215002, ,96.0,30.0,1276.0,12/28/95, ,V-92-95,5 yr review has not been done,Burger King sign only, ,9,300, ,5,-115.22309999188826,36.19591710955913
85,100,4,AA,1060,S,RAINBOW,13834819014,13834819015,LAMAR,672.0,40.0,0.0, ,U-0005-97, ,RQR-28937; RQR-14207; U-05-97(1),DIR-16647,14x48,1,300, ,1,-115.24325429534707,36.159679188425386
86,101,29, ,6611,W,Charleston,16302104001,16302104001,LAMAR,672.0,40.0,1072.0,8/21/95,U-27-95, ,RQR-30595;RQR-5169, ,14x48,0,300, ,1,-115.23906904934813,36.158910362850044
87,102,8, ,1000,S,Torrey Pines,13835402011,13835402011, ,288.0,0.0,0.0, , , , ,DONREY, ,0,300, ,1,-115.23477850384413,36.159806798476936
88,105,20, ,6151,W,Charleston,16301101001,16301101002, ,288.0,40.0,0.0,10-24-84, , , ,DONREY, ,0,300, ,1,-115.22481834345253,36.15903723874172
89,107,27,AA,5636,W,Charleston,13836408002,13836408002, ,672.0,40.0,0.0,9-22-86,U-67-86, ,U-67-86(1)&(2),"1997 review incomplete, needs a review",14x48,1,300, ,1,-115.21836547370704,36.15933992079524
90,108,26,AA,5600,W,Charleston,13836408008,13836408008, ,288.0,40.0,0.0,11-14-83, , , ,DONREY, ,1,300, ,1,-115.21732795224084,36.15939838995722
91,109,25, ,5301,W,Charleston,16301501011,16301501005,Clear Channel Outdoor,672.0,40.0,0.0,06/07/89, ,V-23-89,"RQR-30592;RQR-17662; RQR-12232, V-23-89(1),(2)&(3)", ,14x48,1,300, ,1,-115.21511580017983,36.158911273941726
92,110,23,AA,5300,W,Charleston,13836803015,13836803003,DONREY,288.0,30.0,0.0, ,U-84-86, ,U-84-86(1)&(2),"Abeyed 11/26/96, 5 yr review has not been done", ,1,300, ,1,-115.21406238200264,36.15933613400026
93,111,26, ,5200,W,Charleston,16301502014,16301502002, ,288.0,40.0,0.0, , , , ,DONREY,12x24,1,300, ,1,-115.21205989382943,36.15892888040091
94,113,19,AA,4820,W,CHARLESTON,13836804008,13836804008,LAMAR,672.0,40.0,711.0,1/13/95,U-262-94, ,RQR-39107; 22322; 4240; 1979, ,14x48,1,300, ,1,-115.20699669455132,36.159321757472995
95,114,28, ,4717,W,Charleston,16206102001,16206102001, ,672.0,40.0,0.0,2/11/85, , , ,MARTIN,14x48,1,300, ,1,-115.20551963969592,36.158592065619025
96,115,14, ,4100,W,Charleston,13931801009,13931801009,Clear Channel Outdoor,672.0,40.0,0.0, ,U-216-90, ,RQR-39097; 21349; 12233; 5939, ,14x48,1,300, ,1,-115.1954272852132,36.1592379515499
97,116,7,AA,3920,W,CHARLESTON,13931801018,13931801011,LAMAR,672.0,55.0,347.0,6/2/94,U-43-94, ,RQR-34974; 21510; 5168; 2861, ,14x48,0,300, ,1,-115.19406374055885,36.159189753512436
98,118,22, ,0, , ,16204504011,16204504009, ,672.0,40.0,0.0, , , , ,DONREY,14x48,0,300, ,3,-115.15679008799594,36.15864302702181
99,119,33, ,1001, ,Iron Hourse,13933810004,13933810004,Clear Channel Outdoor,288.0,30.0,0.0, , , , , , ,0,300, ,5,-115.15650045063138,36.159111513317605
100,120,34, ,1022, ,Commerce,13933801018,13933801014,Clear Channel Outdoor,288.0,30.0,0.0, , , , , , ,1,300, ,3,-115.1559300888646,36.15913202741148
101,122,14, ,1292,E,Charleston,16202110014,16202110001,Clear Channel Outdoor,288.0,40.0,1953.0,1/7/96, ,V-0068-90,RQR-29809; RQR-15054; V-68-90(1), ,12x24,1,300, ,3,-115.13578844772121,36.15866661776559
102,123,16, ,1524,E,Charleston,16202111001,16202111001, ,288.0,40.0,0.0, , , , ,DONREY,12x24,1,300, ,3,-115.13235826619368,36.15869632444194
103,124,16, ,1548,E,Charleston,16202111039,16202111039, ,288.0,40.0,0.0, , , , ,DONREY,12x24,1,300, ,3,-115.1315544059115,36.15868637146662
104,125,18, ,1647,E,Charleston,13935413031,13935413031, ,288.0,40.0,0.0, , , , ,DONREY,12x24,1,300, ,3,-115.12941922730124,36.159063233750075
105,126,16, ,1636,E,Charleston,16202113005,16202113005, ,288.0,40.0,0.0, , , , ,DONREY,12x24,1,300, ,3,-115.12910245279849,36.158672317738066
106,127,19, ,1707,E,Charleston,13935413159,13935413159, ,672.0,40.0,0.0, , , , ,DONREY,14x48,1,300, ,3,-115.12857807860445,36.15903095396918
107,128,18, ,1800,E,Lewis,13935814001,13935814001, ,288.0,30.0,0.0, , , , ,DONREY,12x24,1,300, ,3,-115.12484520690957,36.15971579951311
108,129,23, ,1813,E,Charleston,13935814016,13935814016,Clear Channel Outdoor,672.0,40.0,0.0, , , , , ,14x48,1,300, ,3,-115.12412590357647,36.15905765582619
109,130,17, ,1924,E,Charleston,16202512005,16202512005, ,288.0,40.0,0.0, , , , ,DONREY,12x24,1,300, ,3,-115.12233522552414,36.15863934945429
110,131,19, ,2028,E,Charleston,16202512012,16202512012, ,672.0,40.0,0.0, , , , ,DONREY,14x48,1,300, ,3,-115.11975676774622,36.158657545936585
111,132,3, ,2550,E,Femont,16201111014,16201111015, ,288.0,40.0,0.0, , , , ,YESCO,14x48,0,300, ,3,-115.11477351908424,36.1570349743046
112,134,24, ,2217,E,Fremont,13935804009,13935804009,LAMAR,672.0,30.0,0.0, , , , ,Non-conforming 300ft.,14x48,1,300, ,3,-115.1187078652832,36.16007595113599
113,135,25, ,2217,E,Fremont,13935804009,13935804010,LAMAR,672.0,40.0,0.0, , , , ,Non-conforming 300ft.,14x48,1,300, ,3,-115.11837713517444,36.16026207998075
114,138,14, ,145,N,Bruce,13935312059,13935312059, ,0.0,0.0,0.0, , , , ,????, ,0,300, ,3,-115.12528978159399,36.164414659786004
115,139,33, ,500, ,Fremont,13934611004,13934611004,LAMAR,50.0,20.0,0.0, , , , ,Permit # 11881see documentation CODEENF-54974,5x10,0,300, ,5,-115.14041309134208,36.16928343748013
116,141,17,AA,6070,W,SAHARA,16301401010,16301401010,LAMAR,672.0,40.0,805.0,3/10/95,U-315-94, ,RQR-39215; RQR-22271; RQR-4238, ,14x48,0,300, ,1,-115.22473061139264,36.14468367320473
117,142,9, ,0, , ,16207101019,16207101013,LAMAR,672.0,55.0,0.0, , , , , ,14x48,0,300, ,1,-115.20038237843846,36.14419959428174
118,143,42, ,3920,W,Sahara,16206801005,16206801005,LAMAR,672.0,40.0,1240.0,12/6/95, ,V-136-95,RQR-31588;RQR-11432; V-136-95(1), ,14x48,0,300, ,1,-115.19343712957266,36.14474083213131
119,144,42, ,3810,W,Sahara,16206801008,16206801008,CLEAR CHANNEL OUTDOOR,672.0,40.0,0.0,06/21/89, ,V-46-97; V-46-89,RQR-33797, ,14x48,0,300, ,1,-115.1913761553741,36.144695782583725
120,145,12, ,3641,W,Sahara,16208101007,16208101002,LAMAR,672.0,55.0,1746.0, ,U-40-96, ,RQR-33828; U-40-96(1), ,14x48,0,300, ,1,-115.18974233224439,36.14410428016174
121,146,1,AA,3209,W,SAHARA,16208104001,16208104001,LAMAR,672.0,50.0,78.0,11-18-93,U-200-93, ,RQR-32733; U-200-93(1), ,14x48,0,300, ,1,-115.18513753364203,36.14405768709289
122,147,3,AA,3101,W,SAHARA,16208104004,16208104004,LAMAR,672.0,55.0,253.0,3/24/94,U-271-93, ,RQR-33734; U-271-91(1)&(2), ,14x48,0,300, ,1,-115.18396460688962,36.14410097249766
123,148,13, ,2921,W,Sahara,16208501001,16208501001,Clear Channel Outdoor,672.0,55.0,0.0, ,U-107-90, ,RQR-33272; RQR-4021; RQR-1701, ,14x48,0,300, ,1,-115.18185926653115,36.14395848226474
124,149,7,AA,2625,W,SAHARA,16208502013,16208502001,LAMAR,672.0,40.0,543.0,10/13/94,U-141-94, ,RQR-1740, ,14x48,0,300, ,1,-115.17697641838592,36.14403500016427
125,150,7, ,2560,S,Highland,16209110020,16209110020,NEVADA,672.0,40.0,1594.0,8/1/96,U-55-95, ,U-55-95(1),4 yr review has not been done,14x48,1,750, ,1,-115.16909093389263,36.142984733174664
126,151,3,AA,2550,S,HIGHLAND,16209110019,16209110019,LAMAR,672.0,55.0,709.0,1/12/95,U-265-94, ,RQR-39106; 22324; 4243; 1978, ,14x48,1,750, ,1,-115.16806572458243,36.1433454818149
127,152,6,AA,1516, ,SCOTLAND,16204404016,16204404015,LAMAR,672.0,40.0,0.0, , , , , ,14x48,1,750, ,3,-115.16783701407665,36.14475348031133
128,153,8,AA,2441, ,Western,16204406012,16204406012, ,672.0,75.0,0.0,02/26/81, ,V-01-81, , ,14x48,1,300, ,3,-115.1661990245482,36.14428720848073
129,154,38, ,2466,S,Industrial,16204407001,16204407001,Clear Channel Outdoor,672.0,40.0,0.0, , , , , ,14x48,1,300, ,3,-115.16507784578158,36.14424192514962
130,155,21,AA,336,W,SAHARA,16204807002,16204807002,LAMAR,672.0,40.0,1030.0,7/20/95,U-52-95, ,RQR-37772; 18679; 5767; 1222, ,14x48,1,300, ,3,-115.1625236295339,36.14419412110156
132,158,41, ,2400,S,Las Vegas,16204812003,16204812003,LAMAR,672.0,40.0,0.0, , , , ,No Case History,14x48,0,300, ,3,-115.15748339781933,36.14395118898997
133,160,40, ,208,E,Sahara,16203413023,16203413023,Orion Outdoor Media,672.0,40.0,0.0,08/06/03,SUP-2467,VAR-2468,RQR-30447;RQR-6777, ,14x48,1,300, ,3,-115.15395526592484,36.1439334121589
134,161,36, ,308,E,Sahara,16203414025,16203414025, ,672.0,40.0,0.0, , , , ,DONREY,14x48,0,300, ,3,-115.15295934944477,36.14398945448528
135,162,37, ,410,E,Sahara,16203414025,16203414025, ,672.0,40.0,0.0, , , , ,DONREY,14x48,0,300, ,3,-115.15202816513096,36.14399160343503
136,163,38, ,438,E,Sahara,16203416024,16203416024, ,672.0,40.0,0.0, , , , ,DONREY,14x48,0,300, ,3,-115.15094494393914,36.1439708523456
137,164,39, ,536,E,Sahara,16203421019,16203421019, ,672.0,40.0,0.0, , , , ,DONREY,14x48,0,300, ,3,-115.14738389773015,36.14416422565493
138,165,42, ,750,E,Sahara,16203801104,16203801104, ,672.0,40.0,0.0, , , , ,MARTIN,14x48,0,300, ,3,-115.1447343124291,36.14421049316987
139,166,44, ,946,E,Sahara,16203801113,16203801114, ,288.0,30.0,0.0, , , , ,DONREY,12x24,0,300, ,3,-115.14208922943264,36.144329736079165
140,167,43, ,1140,E,Sahara,16203802007,16203802007, ,672.0,55.0,0.0, ,U-44-86, , , ,14x48,0,300, ,3,-115.13825939820697,36.14452970843149
141,168,21, ,1300,E,Sahara,16202410095,16202410095, ,672.0,40.0,0.0, , , , ,YESCO,14x48,0,300, ,3,-115.13518283022805,36.144537794486965
142,169,23, ,1380,E,Sahara,16202410117,16202410117, ,672.0,40.0,0.0, , , , ,DONREY,14x48,0,300, ,3,-115.13404798182388,36.14455808566528
143,170,22, ,1500,E,Sahara,16202410140,16202410140, ,672.0,40.0,0.0, , , , ,YESCO,14x48,0,300, ,3,-115.13265673505792,36.144618807849426
144,171,24, ,1550,E,Sahara,16202411022,16202411022, ,672.0,0.0,0.0, , , , ,DONREY,14x48,0,300, ,3,-115.1311628930983,36.14466212995955
145,172,26, ,1914,E,Sahara,16202811026,16202811025,Clear Channel Outdoor,672.0,40.0,0.0, , , , , ,14x48,0,300, ,3,-115.12274118281738,36.14464527545145
146,173,28, ,1920,E,Sahara,16202811067,16202811067,LAMAR,672.0,40.0,0.0, , , , , ,14x48,0,300, ,3,-115.12211035083618,36.14460136927614
147,174,27, ,1942,E,Sahara,16202811116,16202811116,Clear Channel Outdoor,288.0,40.0,0.0, , , , , ,14x48,0,300, ,3,-115.12070243629327,36.14466438223714
148,175,5, ,2333,E,Sahara,16201401005,16201401006,Clear Channel Outdoor,672.0,40.0,0.0, , , , , ,14x48,0,300, ,3,-115.1165227633224,36.14468761687307
149,176,4, ,2329,S,Eastern,16201401003,16201401003,Clear Channel Outdoor,672.0,40.0,0.0,05/03/72,Z-30-72, , , ,14x48,0,300, ,3,-115.11852709257484,36.14566799697755
150,177,21, ,3200,S,Rancho,16208418002,16208401004,LAMAR,672.0,55.0,0.0,11/30/95,U-101-95, ,RQR-33287; RQR-5513, ,14x48,1,750, ,1,-115.18223422095465,36.13017980531881
151,178,9,AA,3720,W,DESERT INN,16208410033,16208410033,LAMAR,672.0,40.0,752.0,2/1/95,U-300-94, ,RQR-31822; U-300-94(1)&(2), ,14x48,1,300, ,1,-115.18873215828077,36.13039206819089
152,179,11,AA,3180,S,VALLEY VIEW,16208410018,16208410018,Clear Channel Outdoor,672.0,40.0,1009.0,4/14/95,U-23-95, ,RQR-34329;RQR-17661; RQR-4664, ,14x48,0,300, ,1,-115.19005220294429,36.1320523557525
153,181,19, ,3052,S,Valley View,16208302010,16208302010, ,576.0,40.0,1503.0,6/13/96,U-26-96, ,RQR-32966, ,24x24,0,300, ,1,-115.19018770069707,36.13469140728299
154,182,8,AA,3001,S,VALLEY VIEW,16207702004,16207702004,LAMAR,672.0,40.0,859.0,4/18/95,U-193-94, , , ,14x48,0,300, ,1,-115.19070285381959,36.13678301568702
155,183,12, ,2562,S,Valley View,16208101005,16208101005,LAMAR,672.0,40.0,0.0, , , , , ,14x48,0,300, ,1,-115.19044012781318,36.14305955125949
156,184,7,AA,3900,W,CHARLESTON,13931801018,13931801018,LAMAR,672.0,55.0,348.0,6/2/94,U-43-94, ,RQR-18678; 12172; 5171; 2860,Denied 6/20/07,14x48,1,300, ,1,-115.1926773311558,36.159886419634496
157,185,11,AA,820,S,VALLEY VIEW,13931801002,13931801002,Clear Channel Outdoor,672.0,40.0,746.0,1/27/95,SUP-4521; U-296-94, ,RQR-34682, ,14x48,1,300, ,1,-115.19269399739795,36.162117966341846
158,186,29, ,4800, ,Alpine,13836802009,13836802009,LAMAR,672.0,40.0,0.0, ,U-27-93, ,RQR-9376; RQR-2903,Denied 1/18/06,14x48,0,300, ,1,-115.20619572370718,36.16042891958069
159,187,24,AA,1351,S,DECATUR,16206211001,16206211001,LAMAR,672.0,40.0,836.0,3/30/95,U-185-89, ,RQR-39435; 23916; 6793; 4282, ,14x48,1,300, ,1,-115.20757831726087,36.15551465909953
160,188,29, ,1611,S,Decatur,16206211003,16206211003,Clear Channel Outdoor,288.0,40.0,0.0, , , , , ,12x24,9,300, ,1,-115.20771187540143,36.15376445541827
161,189,30, ,1617,S,Decarut,16206211004,16206211004,Clear Channel Outdoor,672.0,40.0,0.0, , , , , ,14x48,1,300, ,1,-115.20775110257617,36.15245803688189
162,190,27, ,1624,S,Decatur,16301602006,16301602006,LAMAR,672.0,40.0,0.0, ,U-130-95, , , ,14x48,1,300, ,1,-115.20855515499481,36.15194964775756
163,191,33, ,1701,S,Decatur,16206301001,16206301001,Clear Channel Outdoor,672.0,40.0,1298.0,1/16/96,U-135-95, ,RQR-38940; RQR-6149; RQR-1791, ,14x48,1,300,Finalled,1,-115.20765050896377,36.151297119029785
164,192,34, ,2003,S,Decatur,16206301004,16206301003,Clear Channel Outdoor,672.0,40.0,0.0, ,U-03-91, ,RQR-32951; U-03-91(1), ,14x48,1,300, ,1,-115.20769697006376,36.14989890228834
165,193,23, ,1300,S,Jones,16301102022,16301102022, ,672.0,40.0,0.0,04/17/96,Z-22-96, , , ,14x48,0,300, ,1,-115.22487578570181,36.156583640950295
166,194,22, ,1201,S,Jones,16301101009,16301101007, ,672.0,40.0,0.0,06/20/01,U-160-96,V-09-96,RQR-33733, ,14x48,1,300, ,1,-115.22465635510328,36.15757759710237
167,195,21, ,1131,S,Jones,16301101005,16301101005, ,288.0,40.0,0.0,11-13-84, , , ,DONREY, ,0,300, ,1,-115.22414621724643,36.15862880191076
168,196,19, ,3227,W,Meade,16208303007,16208303007,LAMAR,288.0,35.0,1515.0,6/16/96,U-19-96, ,RQR-32956, ,12x24,1,300, ,1,-115.18471850152413,36.13620698384324
169,199,35, ,2221, ,Paradise,16203413021,16203413022,Clear Channel Outdoor,672.0,0.0,0.0, , , , , ,14x48,0,300, ,3,-115.15430609768757,36.144334983923336
170,200,31, ,2011,S,Las Vegas,16203310017,16203310013,Clear Channel Outdoor,1200.0,80.0,0.0, , ,V-34-69, ,No Reviews required, ,0,300, ,3,-115.15431798423445,36.147726767132376
171,201,28, ,1830,S,Las Vegas,16203302005,16203302005,?,672.0,55.0,0.0,03/22/84, ,V-35-84, ,DONREY,14x48,0,300, ,3,-115.15406878326458,36.14922515939991
172,202,27, ,1510,S,Las Vegas,16203210062,16203210062,LAMAR,864.0,30.0,0.0, , , , ,3 sides/No case history, ,0,300, ,3,-115.1520434112402,36.15219388765505
173,203,21, ,1147,S,Las Vegas,16203112021,16203112021,Clear Channel Outdoor,672.0,40.0,0.0, , , , ,No Case History,14x48,1,300, ,3,-115.14813839017806,36.1574716434572
174,204,20, ,1120,S,Las Vegas,16203112018,16203112018,Clear Channel Outdoor,672.0,40.0,0.0, , , , ,No Case History,14x48,1,300, ,3,-115.14847572308204,36.157712507258566
175,205,42, ,735,S,Las Vegas,13934410175,13934410175,LAMAR,72.0,20.0,0.0, , , , ,No Case History,8x16,0,300, ,3,-115.14539822948271,36.160987678860884
176,206,51, ,0, , ,13934310056,13934310056,LAMAR,288.0,35.0,0.0,11/20/96, ,V-123-96,V-123-96(1),5 yr review has not been done,12x24,0,300, ,3,-115.1443934350182,36.16321794805077
177,207,37, ,500,S,Las Vegas,13934311152,13934311152,Clear Channel Outdoor,672.0,30.0,1878.0,12/4/96,U-68-86, ,"RQR-32726; U-68-86(1),(2),(3)&(4)", ,14x48,0,300, ,3,-115.14411969331104,36.16434237668322
178,208,14, ,1300,N,LV Blvd. N,13927603028,13927504010, ,288.0,40.0,0.0, , , , ,DONREY, ,9,300, ,5,-115.13425017619214,36.18486967767548
179,209,8, ,1535,N,Eastern,13926505004,13926505004,Clear Channel Outdoor,672.0,40.0,0.0, ,U-0006-90, ,RQR-29832; RQR-4268, ,14x48,1,300, ,3,-115.11632801698123,36.18736556260287
180,210,11, ,2700,E,Bonanza,13936110030,13936110030, ,288.0,30.0,0.0, , , , ,DONREY, ,1,300, ,3,-115.1128893134366,36.173637414849026
181,211,10, ,3551,E,Bonanza,14031121006,14031121004, ,672.0,30.0,0.0,09/27/90,U-176-90, ,RQR-32902; U-176-90(1), ,14x48,1,300, ,3,-115.09709156812148,36.173283020668784
182,212,19, ,4851,E,Bonanza,14032502001,14032502001, ,672.0,40.0,1442.0,02/21/96, ,V-0184-95,RQR-28191; V-184-95(1), ,14x48,1,300, ,3,-115.06776948945418,36.17357938580556
183,213,14, ,3700,E,Charleston,14031401036,14031401036, ,672.0,40.0,0.0,EXPIRED,U-39-90, ,RQR-31805;U-39-90(1), ,14x48,1,300, ,3,-115.09686255356519,36.15914275928516
184,215,23, ,251,N,Nellis,14032701005,14032701005, ,672.0,40.0,1550.0,7/3/96,U-28-96, ,RQR-32721, ,14x48,1,300, ,3,-115.0624288686879,36.165945601706056
185,216,8, ,1527,N,Nellis,14029510025,14029510025,DONREY,288.0,40.0,0.0, , , , , ,12x24,1,300, ,3,-115.06241696392074,36.187316805655875
186,217,10, ,1559,N,Nellis,14029510023,14029510023, ,288.0,30.0,0.0, , , , ,DONREY,12x24,0,300, ,3,-115.06237291316435,36.18799926113976
187,218,44, ,2440,S,Maryland Pkwy,16203802009,16203802009, ,672.0,40.0,0.0, , , , ,DONREY,14x48,0,300, ,3,-115.1372873974529,36.14484166316503
188,219,20, ,2211,S,Maryland Pkwy,16202410089,16202410089,LAMAR,672.0,40.0,0.0, , , , , ,14x48,0,300, ,3,-115.13674329957192,36.14590821741221
189,221,12, ,211,N,Maryland,13935211063,13935211063, ,72.0,20.0,0.0, , , , ,NEVADA,8x16,0,300, ,5,-115.1317193655229,36.16750346777134
190,222,11, ,1200,E,Stewart,13935211075,13935211075, ,288.0,40.0,0.0, , , , ,DONREY,12x24,0,300, ,5,-115.13106323552717,36.16794263413408
193,226,23, ,1401,S,Main,16203210022,16203210022,Clear Channel Outdoor,288.0,40.0,0.0, , , , , ,12x24,0,300, ,3,-115.15369326215371,36.15443857269172
194,227,23, ,1323,S,Main,16203110088,16203110088,Clear Channel Outdoor,288.0,40.0,0.0, ,U-171-89, ,RQR-12716; RQR-8821;RQR-4271, ,12x24,0,300, ,3,-115.15362952636319,36.155298777695855
195,228,22, ,1238,S,Main,16203110096,16203110096,Clear Channel Outdoor,288.0,40.0,0.0, , , , , ,12x24,0,300, ,3,-115.15389550357182,36.156283227009084
196,229,26, ,1215,S,Commerce,16203110120,16203110120,Clear Channel Outdoor,288.0,40.0,0.0, ,U-155-96, ,RQR-19160; RQR-5680; RQR-1102,"Denied, remove by September 3, 2007",12x24,0,300, ,3,-115.15480351679707,36.156768296528156
197,230,22, ,1117,S,Main,16203110077,16203110007,Clear Channel Outdoor,672.0,40.0,0.0, , , , , ,14x48,1,300, ,3,-115.1534104005483,36.158130540290465
198,231,22, ,9,W,Charleston,16203110109,16203110109,Clear Channel Outdoor,672.0,40.0,0.0, , , , , ,14x48,1,300, ,3,-115.15416113756227,36.15865984674669
199,232,23, ,1111,S,Main,16203110076,16203110076,Clear Channel Outdoor,672.0,40.0,0.0, , , , , ,14x48,1,300, ,3,-115.15333023739993,36.1586446443414
200,233,40, ,1065,S,Main,13933811015,13933811015,Clear Channel Outdoor,672.0,25.0,0.0, , , , , ,14x48,0,300, ,3,-115.15395917153326,36.15902632002448
201,234,39, ,1065,S,Main,13933811015,13933811015,Clear Channel Outdoor,672.0,40.0,0.0, , , , , ,14x48,1,300, ,3,-115.15369260920968,36.15931211724176
202,235,40, ,1018, ,Main,13933811008,13933811008,?,672.0,40.0,0.0, , , , ,No Case History,14x48,1,300, ,3,-115.15333451575994,36.16042382311525
203,237,35, ,900,S,Main,13933811002,13933811002,Clear Channel Outdoor,288.0,40.0,0.0, , , , , ,12x24,1,300, ,3,-115.15235578767549,36.16189866385359
204,239,40, ,807,S,Main,13934310008,13934310008,Clear Channel Outdoor,672.0,40.0,0.0, , , , , ,14x48,1,300, ,3,-115.15134157592672,36.16275000599367
205,242,40, ,0, , ,13934302007,13934302007,Clear Channel Outdoor,672.0,30.0,0.0, , , , , ,14x48,1,300, ,3,-115.15059814568835,36.16559627122638
206,244,13,AA,2330, ,Industrial,16204802007,16204802007,?,672.0,40.0,456.0,8/15/94,U-126-94, ,RQR-34323;RQR-3023, ,14x48,1,300, ,3,-115.164369988327,36.1451477037912
207,245,38, ,2111, ,Western,16204801001,16204801001,Clear Channel Outdoor,288.0,40.0,0.0, ,U-110-97, ,RQR-26303; RQR-1365, , ,1,300, ,3,-115.16497876870882,36.147615560304594
208,246,37, ,1900,S,Industrial,16204704006,16204704006,Clear Channel Outdoor,288.0,40.0,1175.0,11/7/95,U-103-95, ,RQR-31387;RQR-5443, ,12x24,1,300, ,3,-115.16194724559243,36.14871047112208
209,247,37, ,1719, ,Industrial,16204705001,16204705001,LAMAR,288.0,40.0,1413.0,4/8/96,U-223-90, ,RQR-31931; U-223-90(1), ,12x24,0,300, ,3,-115.16032230170993,36.15040502179064
210,248,31, ,1607, ,Industrial,16204609010,16204609010,Clear Channel Outdoor,288.0,30.0,0.0, , , , , , ,0,300, ,3,-115.15942323006892,36.15185624671899
211,249,36, ,1600, ,Industrial,16204609001,16204609001,LAMAR,288.0,30.0,1323.0,2/1/96,U-144-95, , ,5 yr review has not been done,12x24,1,300, ,3,-115.16037142010634,36.152342218686606
212,250,32, ,1422,S,Western,16204602006,16204602006, ,288.0,30.0,0.0, , , , ,DONREY,12x24,0,750, ,3,-115.16022246462914,36.15431139615265
213,251,31, ,236,W,Wyoming,16204608011,16204608011,?,200.0,20.0,0.0, , , , ,DONREY,10x20,0,300, ,3,-115.15871166912952,36.15256592249001
214,252,31, ,236,W,Wyoming,16204608011,16204608011,Clear Channel Outdoor,288.0,40.0,0.0, , , , , ,12x24,0,300, ,3,-115.15897438415287,36.15260268286061
215,253,31, ,1530,S,Commerce,16204608017,16204608017,Clear Channel Outdoor,288.0,40.0,0.0, , , , , ,12x24,0,300, ,3,-115.15611894879349,36.15243324824417
216,254,16, ,101,S,Martin L King,13933501002,13933501002, ,288.0,40.0,0.0, , , , ,DONREY,12x24,0,300,finalled,5,-115.16057774650542,36.17329701826387
217,255,20,45,73,S,Martin L. King,13933510002,13933510002,Clear Channel Outdoor,672.0,72.0,0.0, ,U-25-98, ,RQR-29722; RQR-17098; U-25-98(1)&(2), ,14x48,1,750, ,5,-115.16045133896529,36.174442412847654
218,256,23,25,525, ,Martin L King,13928401033,13928401026,Clear Channel Outdoor,288.0,15.0,0.0, , , , ,Is this billboard there?,12x24,1,300, ,5,-115.16105551191235,36.17670608581327
219,259,5, ,1601,n,Dst,13922404002,13922404002,LAMAR,144.0,15.0,0.0, , , , ,U-35-76?,12x24,1,300, ,5,-115.1470739645262,36.188583059746755
220,260,4, ,300,W,Owens,13922404004,13922404001,Clear Channel Outdoor,288.0,30.0,0.0, , , , , ,12x24,1,750, ,5,-115.14470029239934,36.18862563449531
221,261,22,25,525, ,Martin L King,13928401033,13928401026,Clear Channel Outdoor,288.0,15.0,0.0, , , , , ,14x48,1,300, ,5,-115.16162054583164,36.176978297689395
222,263,16,25,1001,W,Bonanza,13928801003,13928801003,Clear Channel Outdoor,288.0,40.0,0.0, , , , , ,12x24,1,300, ,5,-115.15727997897184,36.176932901186674
223,264,17,25,919,W,Bonanza,13928801018,13928801005,Clear Channel Outdoor,288.0,40.0,0.0, , , , , ,12x24,1,300, ,5,-115.15631828841013,36.17693256815137
224,265,19, ,410,W,Bonanza,13927301003,13927310079,Clear Channel Outdoor,288.0,0.0,0.0, , , , , , ,1,750, ,5,-115.14738505532142,36.17741061003561
225,266,16, ,601,N,Main,13927310094,13927310094,DONREY,288.0,0.0,0.0,07/20/88, ,V-72-88,"RQR-33829; V-72-88(1),(2)&(3)", , ,1,300, ,5,-115.14386144244176,36.17750280588392
226,267,17, ,0, , ,13927705003,13927705001, ,672.0,40.0,0.0, , , , ,DONREY,14x48,1,300, ,5,-115.14274890190703,36.17763636703524
227,268,17,25,845,W,BONANZA,13928801008,13928801008,LAMAR,672.0,0.0,0.0, ,U-0002-98, ,RQR-28416; RQR-11174; RQR-3233, ,14x48,1,750, ,5,-115.15403293693419,36.176955246170195
228,269,17,25,1111,W,BONANZA,13928801016,13928801016,Clear Channel Outdoor,672.0,0.0,0.0, ,U-69-98, ,RQR-30045;RQR-5263, ,14x48,1,750, ,5,-115.15590882267145,36.17525120643761
229,270,17,AA,2310,S,LAS VEGAS,16204813072,16204813072,SHEPCO,672.0,40.0,671.0,12/12/94,U-230-94, ,RQR-31826;U-230-94(1), ,14x48,0,300, ,3,-115.15674940629637,36.14499388118314
230,271,56, ,0, , ,13802102014,13802102012,Clear Channel Outdoor,288.0,0.0,0.0, , , , , ,12x24,1,300, ,6,-115.23832395951985,36.24629477650917
232,273,58, ,4500,N,Rancho,13802202015,13802202011,LAMAR,672.0,20.0,0.0, , ,V-153-95, , ,14x48,1,300, ,6,-115.23657490866928,36.24349818033682
233,274,59, ,4401,N,Rancho,13802602001,13802602001,LAMAR,672.0,40.0,0.0,2/1/95,U-261-94, ,RQR-22325; RQR-4244, ,14x48,1,300, ,6,-115.23356662247527,36.240139232637965
234,275,60, ,0,N,Rancho,13802803001,13802803001,VIACOM,288.0,40.0,0.0, ,U-25-96, ,RQR-34411;RQR-12064; RQR-6148; RQR-1689, ,12x24,1,300, ,6,-115.2262470612309,36.23230181801667
235,276,55, ,6900,W,Craig,13803602011,0,Clear Channel Outdoor,672.0,40.0,0.0,09/18/96,U-75-96, ,RQR-33798; U-75-96(1), ,14x48,1,750, ,4,-115.24519457094502,36.241482616666815
236,277,54, ,6900,W,Craig,13803602015,13803602015,Clear Channel Outdoor,672.0,40.0,954.0,01/18/95,U-0298-94, ,RQR-29528; RQR-2790, ,14x48,1,300, ,4,-115.2445501892955,36.24078413534693
237,278,61, ,3941,N,Rancho,13811502003,13811502003,Clear Channel Outdoor,672.0,40.0,0.0,08/21/96,U-59-96, ,RQR-34321;U-59-96(1), ,14x48,1,300, ,6,-115.22569572457456,36.23156010561705
238,279,11,AA,3500,N,RANCHO,13812710044,13812710044,LAMAR,672.0,40.0,1028.0,7/21/95,U-38-95, ,RQR-31547;RQR-5167, ,14x48,1,300, ,6,-115.21637068209988,36.22227353110997
239,280,9,AA,0,N,Rancho,13813512006,13813512002,Clear Channel Outdoor,288.0,30.0,0.0, , , , , ,12x24,1,300, ,5,-115.21111420465257,36.21558510739764
240,281,62, ,2400,N,Rainbow,13814401004,13814401004, ,336.0,40.0,1995.0,1/21-97,U-129-96, , ,5 yr review has not been done, ,1,300, ,5,-115.24155714153446,36.203547900811934
241,282,63, ,0, , ,13822503001,13822503001,LAMAR,672.0,55.0,0.0,07/17/91,U-123-91,V-164-95,RQR-33992; V-164-95(1),2 yr review has not been done,14x48,1,750, ,5,-115.24401370368683,36.20308234408616
242,283,27, ,2021,N,Rainbow,13822603001,13822603001,LAMAR,672.0,40.0,0.0, ,U-0137-95, ,RQR-41253; RQR-27423; RQR-1736, ,14x48,1,750, ,5,-115.24381247399887,36.199485826497366
243,284,17,AA,1981,N,RAINBOW,13822713002,13822703002, ,2016.0,40.0,0.0,06/23/97, ,V-0040-97,RQR-40454; 25330; V-40-97(1), , ,1,750, ,5,-115.24285386931575,36.195063682135405
244,285,16,AA,1841,N,RAINBOW,13822812001,13822803001,LAMAR,672.0,65.0,418.0,07/16/03,SUP-2291,VAR-2292,RQR-28093, ,14x48,1,750, ,5,-115.24374234504025,36.19214217800399
245,286,29, ,1910, ,Rock Springs,13822711005,13822702001,LAMAR,672.0,30.0,0.0, ,U-61-92, ,RQR-21507; U-61-92(1)&(2), ,14x48,1,750, ,1,-115.24582445419955,36.1942270357942
246,287,28, ,7200,W,Lake Mead,13822610002,13822610002, ,672.0,40.0,1522.0,6/20/96,U-74-95, ,RQR-33332, ,14x48,1,300, ,1,-115.24900423556456,36.196266034755666
247,288,14,AA,2350,N,RAINBOW,13823110001,13823110001,LAMAR,672.0,40.0,943.0,6/7/95,U-18-95, ,RQR-17763; RQR-4661, ,14x48,1,300, ,5,-115.24187399076523,36.20280000388129
248,290,6,AA,101,N,DECATUR,13825812205,13825812204, ,672.0,40.0,0.0, , , , , ,14x48,1,750, ,1,-115.20631454044096,36.17517567883644
249,291,64, ,1735,N,Rancho,13919812016,13919812016,Clear Channel Outdoor,288.0,0.0,0.0, , , , , ,12x24,1,300, ,5,-115.18862979126679,36.1910850050663
250,292,65, ,1660,N,Rancho,13920411015,13920411015,LAMAR,0.0,0.0,0.0, , , , , , ,1,300, ,5,-115.18683067902046,36.18983935728969
251,298,71, ,100, ,City,13927410013,0,Clear Channel Outdoor,672.0,71.0,0.0,05/18/05,SUP-23330; SUP-5877; U-94-98; Z-100-97,VAR-24021; VAR-6355; VAR-5878,RQR-11403; RQR-5683; RQR-1974,EOT-21831; EOT-21830,14x48,1,750, ,5,-115.14781717936602,36.17451202055583
252,299,72, ,0, , ,13927310089,13927310089,LAMAR,0.0,0.0,0.0, , , , , , ,1,750, ,5,-115.14724888551365,36.17856666824493
253,300,73, ,600,W,Bonanza,13927310073,13927310073,Clear Channel Outdoor,0.0,0.0,0.0, , , , , , ,1,750, ,5,-115.1495383767585,36.17762311189217
254,301,74, ,601,W,Bonanza,13927401002,13927401002,LAMAR,0.0,0.0,0.0, , , , , , ,1,750, ,5,-115.15037589942996,36.17703807124565
255,302,75, ,1300,N,LV Blvd. N,13927603028,13927504010, ,0.0,0.0,0.0, , , , , , ,9,300, ,5,-115.13423587744546,36.18540933490626
257,304,77, ,0, , ,13933511004,0,Clear Channel Outdoor,672.0,0.0,0.0, ,U-94-98; Z-100-97, ,RQR-35268; 21345; 11403; 5683; 1974, ,14x48,1,750, ,5,-115.15279993397722,36.173034553595215
258,305,78, ,0, , ,13933511007,13933511003,Clear Channel Outdoor,672.0,0.0,0.0, ,U-94-98; Z-100-97, ,RQR-35268; 21345; 11403; 5683; 1974,ROC-13357,14x48,1,750, ,5,-115.15649140205272,36.17108943384262
259,308,81, ,0, , ,13933610014,13933610005,Clear Channel Outdoor,672.0,0.0,0.0, ,U-94-98; Z-100-97, ,RQR-35268; 21345; 11403; 5683; 1974,ROC-13357,14x48,1,750, ,5,-115.15895829387067,36.16668292996129
260,309,82, ,0, , ,13933710003,0,Clear Channel Outdoor,672.0,0.0,0.0, ,Z-100-97, ,RQR-1974, , ,1,750, ,5,-115.15955801313477,36.16385206756045
261,310,83, ,0, , ,13934310003,0,?,0.0,0.0,0.0, , , , ,No Case History, ,1,300, ,3,-115.15103230845548,36.16378005478783
263,313,86, ,125,M,Bruce,13935312062,0, ,0.0,0.0,0.0, , , , , , ,0,300, ,3,-115.12528840548431,36.16366003375254
264,317,90, ,0, , ,13935814011,0,Clear Channel Outdoor,0.0,0.0,0.0, , , , , , ,1,300, ,3,-115.12287268686197,36.15909571770695
265,318,91, ,2329,S,Eastern,16201401003,16201401003,Clear Channel Outdoor,672.0,40.0,0.0,05/03/72,Z-30-72, , , ,14x48,0,300, ,3,-115.1185282854097,36.14504597423724
266,319,92, ,2033, ,Paradise,16203413012,16203413012,Clear Channel Outdoor,0.0,0.0,0.0, , , , ,No Case History, ,0,300, ,3,-115.15348937770541,36.14572189370252
267,320,93, ,105,W,Charleston,16204506008,16204506008,?,0.0,0.0,0.0, , , , ,Iron Works advertisement, ,1,300, ,3,-115.15509286270994,36.1586767974062
268,321,94, ,0, , ,16204513015,16204513015, ,672.0,80.0,0.0, ,U-0121-99, ,RQR-29609, ,14x48,1,750, ,3,-115.15927398031347,36.15726002888434
269,322,95, ,0, , ,16204503004,16204503004, ,0.0,0.0,0.0, , , , , ,14x48,1,750, ,3,-115.16030469530273,36.15567663021408
270,323,96, ,1716, ,Highland,16204301002,16204301002,Clear Channel Outdoor,672.0,65.0,0.0, , ,V-24-88,RQR-35242; RQR-21348; RQR-6152; RQR-1708, ,14x48,1,750, ,3,-115.16480363644624,36.15043388834347
271,325,98, ,0, , ,16204803014,0,?,0.0,0.0,0.0, , , , , , ,1,300, ,3,-115.1633610655531,36.14452911928921
272,326,99, ,1900,W,Sahara,16204402007,16204402007,LAMAR,672.0,85.0,0.0,01/06/93, ,V-156-92, , ,14x48,1,750, ,3,-115.16929994948248,36.14522152395314
273,327,100, ,4039,E,Sahara,16207511007,16207511007, ,0.0,40.0,0.0, , , , , ,14x48,0,300, ,1,-115.19579950569988,36.14413570137637
274,0,0, ,390,N,Earstern,13936210003,0,EASTERN 95 LLC,,,,1/22/14,SUP-51693, ,, ,,0,750, ,3,-115.11505419432761,36.169024816683134
275,0,0, ,4204,N,Tenaya,13803715003,13803701012,LAMAR,0.0,40.0,0.0, , , , , ,14x48,1,750, ,4,-115.24772154302919,36.2377189895184
276,0,0, ,0, ,US 95,12517801002,12517801002,LAMAR,672.0,40.0,0.0, , , , , ,14x48,1,750, ,CC,-115.2830907624122,36.29386992411877
277,0,0, ,7211, ,Oso Blanca Rd.,12517801003,12517801003,VIACOM,672.0,40.0,0.0,7/7/04, , , ,L-4805-04,14x48,1,750,Finalled,6,-115.2816175607883,36.292066069150394
278,0,0, ,7215, ,Tule Springs,12517802011,12517802007,LAMAR,672.0,40.0,0.0, , , , ,Relocated due to Elkhorn Road overpass  L-3700-04,14x48,1,750, ,6,-115.27916275460649,36.29222877316268
279,0,0, ,7275, ,Tule Springs,12517802009,12517802003,LAMAR,672.0,40.0,0.0, , , , ,Relocated due to Elkhorn Road overpass  L-3701-04,14x48,1,750, ,6,-115.280244908403,36.29306432453445
280,0,0, ,0, ,US 95,12517802001,12517802001,LAMAR,672.0,40.0,0.0, , , , ,Relocated due to Elkhorn Road overpass,14x48,1,750, ,CC,-115.28135273707157,36.29420051631514
281,0,0, ,0, ,US 95,12517802001,12517802001,LAMAR,672.0,40.0,0.0, , , , , ,14x48,1,750, ,CC,-115.28239831567592,36.295341157359935
282,0,0, ,0,N,Rancho,13813505001,13813505001,Clear Channel Outdoor,672.0,0.0,0.0, , , , ,North Las Vegas,14x48,1,300, ,NLV,-115.21130382208322,36.21681293531933
283,0,0, ,0,N,Rancho,13813505001,13813505001,Clear Channel Outdoor,288.0,0.0,0.0, , , , ,North Las Vegas,12x24,1,300, ,NLV,-115.20962138149835,36.2149762716535
284,0,0, ,0, ,Ranco,13918410012,13918410007,LAMAR,672.0,0.0,0.0, ,U-59-01, ,RQR-31565;RQR-17040; RQR-6794; RQR-4239; RQR-1994,L-4945-01,14x48,1,300, ,5,-115.20389158120929,36.207763269609124
285,0,0, ,0, ,Decatur,13918410012,13918410007,LAMAR,672.0,0.0,0.0, ,U-59-01, ,RQR-31565;RQR-17040; RQR-6794; RQR-4239; RQR-1994,L-4945-01,14x48,1,300, ,5,-115.20535084077784,36.20769994193354
286,0,0, ,2395,N,Rancho,13919102001,13919102001,LAMAR,672.0,40.0,834.0,3/30/95,U-0132-01; U-0189-89, ,RQR-40594; 26890; 11192; 3232, , ,1,300, ,5,-115.19898965461006,36.202309296803854
287,0,0, ,2901, ,Highland,16208611002,16208611002, ,0.0,0.0,0.0, , , , , , ,1,750, ,1,-115.17442495067453,36.13934763177655
288,0,0, ,2401, ,Westwood,16209102004,16209102002,Clear Channel Outdoor,0.0,0.0,0.0, , , , ,May be 2701 Westwood Dr., ,1,750, ,1,-115.17309282348364,36.14122643662868
289,0,0, ,1400,W,Sutter,16209198001,16209103002,LAMAR,0.0,40.0,0.0, , , , , ,14x48,1,750, ,CC,-115.16643521155478,36.1437973154193
290,0,0, ,4400,E,Charleston,14032401004,14032401004, ,672.0,40.0,0.0, ,U-53-87, ,RQR-31529; U-53-87, ,14x48,1,300, ,3,-115.08000827163092,36.159444873616486
291,0,0, ,333,N,11th,13935211041,13935211041,VIACOM,672.0,65.0,871.0,4/25/95, , , ,SDR-33880; SDR-27728; Z-8-95,14x48,1,750, ,5,-115.13161484827387,36.17013690965433
292,0,0, ,517,S,Main,13934311001,13934311001,Clear Channel Outdoor,288.0,30.0,0.0, , , , , ,12x24,1,300, ,3,-115.14959115614762,36.166419012421834
293,0,0, ,906,S,6th,13934410202,13934410202,Clear Channel Outdoor,672.0,0.0,0.0, , , , ,No Case History,14x48,1,300, ,3,-115.14643620259046,36.1590484610613
294,0,0, ,2130, ,Highland,16204402001,16204402001,Clear Channel Outdoor,672.0,80.0,0.0, , ,V-25-88,RQR-35241; RQR-21346; RQR-6151; RQR-1706, ,14x48,1,750, ,3,-115.16775463276463,36.1472047927834
295,0,0, ,1109,S,Western,16204504001,16204504001,LAMAR,672.0,40.0,1755.0,10/21/96, ,V-112-96,RQR-12173; RQR-3685, ,14x48,1,750, ,3,-115.15944159674046,36.15861330399435
296,0,0, ,3441,W,Sahara,16208110001,16208110001,LAMAR,972.0,50.0,0.0,02/13/03,SUP-1555,VAR-1554,RQR-1555, ,14x48,1,300, ,1,-115.18761691228228,36.14405116966793
297,0,0, ,928,SO,Las Vegas,13934410165,13934410165,Reagan National Advertising,672.0,40.0,0.0, ,U-0028-01, ,RQR-40298; -36373; 29727; 17518; 5247; 3024,ROC-7358,28x24,1,300, ,3,-115.14801681576867,36.15903333470474
298,0,0, ,6695, ,Osa Blanca,12521301003,12521301003,LAMAR,672.0,0.0,0.0, , , , , ,14x48,1,750, ,6,-115.27301886442227,36.282807920838714
299,0,0, ,1110,So,Rainbow,16302101002,16302101002,"COG III, Limited",672.0,40.0,0.0,10/01/03,SUP-2758, ,RQR-39371; 18626; 8789, ,14x48,1,300, ,1,-115.24265768558472,36.15892339422364
300,0,0, ,3500,W,Sahara,16205402007,16205402007,Show Media,672.0,40.0,0.0,10/25/03,SUP-2537,VAR-2538,RQR-30483;RQR-8953, ,14x48,1,300, ,1,-115.1887188800619,36.144749448656796
301,0,0, ,1571,N,Decatur,13825503003,13825503003,Las Vegas Billboards,288.0,40.0,0.0,12/03/03,SUP-3061, ,RQR-39499; RQR-24404; RQR-11336, ,12x24,1,300,Finalled,5,-115.20740454789542,36.18801345102257
302,0,0, ,6118,W,Sahara,16302802004,16302802004,Show Media,672.0,40.0,0.0,12/03/03,SUP-3115, ,RQR-41221; RQR-26970; RQR-11402, ,14x48,1,300,Final,1,-115.22592343034393,36.14456791257739
303,0,0, ,793,N,Nellis,14029802004,14029802004,Reagan National Advertising,672.0,40.0,0.0,12/17/03,SUP-2759,RQR-11127,RQR-26439, ,14x48,1,300,Final,3,-115.06246809565272,36.177092504929185
304,0,0, ,2601, ,Westwood Dr.,16209102005,16209102005,Clear Channel Outdoor,624.0,55.0,0.0,12/17/03,SUP-3140; SUP-1499, ,RQR-33271; RQR-11401, ,24x26,1,750, ,1,-115.17113729609086,36.14300203863554
305,0,0, ,4545,W,Sahara Ave.,16207101005,16207101005,Show Media,672.0,40.0,0.0,01/21/04,SUP-3114, ,RQR-11399,Denied; to be removed by 5/19/2006,14x48,1,300, ,1,-115.20325087416516,36.14422884810677
306,0,0, ,0, ,SE Highland/Western,16204703001,16204703001,Las Vegas Billboards,672.0,40.0,0.0,02/04/04,SUP-3285, ,RQR-40786; 11565, ,14x48,1,750,Approved,3,-115.16271189378509,36.15109442656469
307,0,0, ,2234,W,Mesquite Ave,13929801009,13929801005,Ad America Inc.,672.0,40.0,0.0,10/28/03,U-0010-02, ,RQR-28992,L-2064-04; DIR-17195,14x48,1,750,Finalled/Permitted,5,-115.17188879393535,36.17469365306339
308,0,0, ,2901, ,Highland,16208611011,16208611011,Reagan National Advertising,672.0,45.0,0.0,08/12/03,SUP-1945,VAR-1946,RQR-21567; RQR-6171, ,24x28,1,300,final,1,-115.1732065201391,36.13753389216269
309,0,0, ,2903, ,Highland Dr.,16209210002,16209210002,Reagan National Advertising,672.0,45.0,0.0,8/12/03,SUP-1876,VAR-1947,RQR-21572; RQR-6169, ,14x48,1,300,final,1,-115.17251604147185,36.13848450315127
310,0,0, ,210,E,Charleston,16203110039,16203110039,LAMAR,672.0,0.0,0.0, , , , , ,14x48,1,300,Built,3,-115.15171232430075,36.15864883233346
311,0,0, ,2101,S,Decatur,16301708004,16301708004,Las Vegas Billboards,672.0,40.0,0.0,03/05/03,U-0034-01, ,RQR-29711;RQR-29711, ,14x48,1,300,Final,1,-115.20853345766042,36.14897404403171
312,0,0, ,2252, ,Paradise,16203411011,16203411011,Chetak Development Corporation,672.0,55.0,0.0,01/22/03,SUP-1274, ,RQR-33882; RQR-12169; RQR-5925, ,14x48,1,300,Finaled,3,-115.15549318377573,36.14405401134844
313,0,0, ,1002,E,Sahara,16203801116,16203801116,Reagan National Advertising,672.0,40.0,0.0,05/05/04,SUP-3973, ,RQR-33955; RQR-12020, ,14x48,1,300,Finalled,3,-115.14091949589769,36.144451040375465
314,0,0, ,310,S,Main,13934201003,13934201003,"Barrick-Breo II, LLC",288.0,20.0,1307.0, ,U-106-95, ,RQR-13674; RQR-4187, ,12x24,0,300,Finalled,5,-115.14839295279026,36.16889100110975
315,0,0, ,1633,W,Bonanza,13928412001,13928411001,Clear Channel Outdoor,672.0,40.0,0.0,5/17/04, , , ,"L-2172-04, moved US95 widening",14x48,1,750,Finalled/Permitted,5,-115.16381131693107,36.176278250301145
316,0,0, ,1615,N,Decatur,13824804013,13824804013,Las Vegas Billboards,672.0,40.0,0.0,07/07/04,SUP-4169, ,RQR-30332,L-4859-04,14x48,1,300,Finalled,5,-115.20661379852066,36.18864377862976
317,0,0, ,1205,E,Sahara,16202401001,16202401001,Reagan National Advertising,672.0,40.0,0.0,08/06/04,SUP-3269, ,RQR-30328;RQR-13595, ,14x48,1,300,Approved,3,-115.13624305378923,36.144616580733185
318,0,0, ,1509, ,Western,16204605005,16204605005,LAMAR,672.0,40.0,0.0,7/22/02,U-0104-02, ,RQR-39434; RQR-24331; RQR-5165, ,14x48,1,300,Finalled,3,-115.16076235956427,36.15351174724591
319,0,0, ,2744, ,Highland,16209202001,16209202001,Mountain View Estates,400.0,40.0,0.0,10/06/04,SUP-4592, ,RQR-35930,EOT-9680,10x40,1,300,Approved,1,-115.17101539041084,36.14001611994167
320,0,0, ,3542, ,Sirius,16208303027,16208303027,Las Vegas Billboards,288.0,40.0,0.0,10/06/04,SUP-4812, ,RQR-35793, ,12x24,1,300,Approved,1,-115.18731173741565,36.13387470502519
321,0,0, ,3319, ,Meade,16208303004,16208303004,Las Vegas Billboards,288.0,40.0,0.0,10/06/04,SUP-4811, ,RQR-35792,L-3618-05,12X24,1,300,Approved,1,-115.18658635236329,36.136211497440804
322,0,0, ,4490, ,Meadows,13931510019,13931510019,Orion Outdoor Media,672.0,40.0,8194.0,11/03/04,SUP-4807, ,RQR-30360,L-0076-05,14x48,1,750,Approved,1,-115.20065938442697,36.1732320830033
323,0,0, ,7075, ,Craig,13803701003,13803701003,Orion Outdoor Media,672.0,40.0,0.0,11/17/04,SUP-4694,VAR-37837 Denied,RQR-30484,L-0337-05,14x48,1,750,Approved,4,-115.24849363158738,36.23983408635893
325,0,0, ,4190, ,Meadows,13931510019,13931510019,Orion Outdoor Media,672.0,51.0,8193.0,12/01/04,SUP-4808, ,RQR-30599,L-0077-05,14x48,1,750,Approved,1,-115.19822772289476,36.17396716670548
326,0,0, ,4120, ,Meadows,13930812005,13931510019,Orion Outdoor Media,672.0,40.0,8192.0,12/01/04,SUP-4809, ,RQR-30600,L-0078-05,14x48,1,750,Approved,1,-115.19483477223622,36.17495599209963
327,0,0, ,1985, ,Western,16204703010,16204703010,Las Vegas Billboards,672.0,40.0,0.0,12/15/04,SUP-4690, ,RQR-18714,L-3619-05,14x48,1,300,Approved,3,-115.16433686752676,36.14853197397564
328,0,0, ,0,N,Decatur,13813505001,13813505001,Clear Channel Outdoor,288.0,0.0,0.0, , , , ,North Las Vegas,12x24,1,300, ,NLV,-115.20776331710307,36.21639544322989
329,0,0, ,0,W,Cheyenne,13813505001,13813505001,Clear Channel Outdoor,288.0,0.0,0.0, , , , ,North Las Vegas,12x24,1,300, ,NLV,-115.2083267764779,36.21706833446125
330,0,0, ,6431,W,Charleston,16302114003,16302114003,Orion Outdoor Media,672.0,40.0,0.0,03/16/05,SUP-4693, ,RQR-40350; RQR-25210,L-3666-05,14x48,1,300,Approved,1,-115.23569278127493,36.15894576431685
331,0,0, ,0, ,I 15,13922803001,0,LAMAR,0.0,0.0,0.0, , , , ,North Las Vegas, ,1,750, ,NLV,-115.14148444514767,36.1901276024438
332,0,0, ,4510, ,Charleston,14032401006,0,LAMAR,672.0,40.0,0.0,08/16/03,SUP-2290, ,RQR-28731, ,14x48,1,300, ,3,-115.07697845112196,36.15933663794388
333,0,0, ,0, , ,12534712009,0,LAMAR,672.0,0.0,0.0,07/17/91,U-0099-91, ,RQR-24165; RQR-6683; U-99-91(1)&(2), ,14x48,1,300, ,6,-115.24383576993534,36.253114864296855
334,0,0, ,1111,W,Bonanza,13928801003,0, ,72.0,0.0,0.0,03/16/88,U-0011-88, ,U-11-88(1),5 yr review has not been done,6x12,1,300, ,5,-115.1585652806565,36.17690937963562
335,0,0, ,330,E,Charleston,16203115001,0,VIACOM,288.0,40.0,1595.0,08/01/96,U-0008-96, ,RQR-40946; RQR-37490; RQR-32942, ,12x24,1,300, ,3,-115.14953074677155,36.15864602861792
336,0,0, ,4600, ,Meadows,13931110002,0,American Outdoor Advertising,672.0,40.0,0.0,12/06/06,SUP-16947, ,RQR-31290, ,14x48,1,750,Approved,1,-115.20318526828096,36.172524447186575
337,0,0, ,4510,N,Tenaya,13803601003,0,Outdoor Solutions,672.0,35.0,0.0,04/16/08,SUP-26774, ,RQR-40724, ,14x48,0,750,Approved,4,-115.24816128394882,36.2423013858859
338,0,0, ,0, , ,13928401033,0,"DFA, LLC",672.0,58.0,0.0,05/07/08, ,VAR-26447, ,58 ft above grade of freeway ROC-26778 SDR-26639,14x48,1,750,Approved,5,-115.16109768692333,36.176049078829415
340,0,0, ,3204, , Fremont,16201801003,16201801003,LAMAR,672.0,40.0,0.0, , , , , ,14x48,0,300, ,CC,-115.10480688213059,36.14784519794556
341,0,0, ,1553,N,Eastern,13926505002,0, ,0.0,0.0,0.0, , , , , , ,1,300, ,3,-115.11703105108144,36.18832646282016
342,0,0, ,120,N,JONES,13825404004,0,LAMAR,672.0,65.0,0.0, ,SUP-39432,VAR-39433, ,SIGN Permit 184961 Issued 4/5/2011,14x48,0,750,Permitted,1,-115.22324449052009,36.17473869957446
343,0,0, ,0, , ,16304805006,0, ,0.0,0.0,0.0, , , , , , ,0,300, ,1,-115.26651844754397,36.14412453787866
345,0,0, ,2500,W,Sahara,16205802009,0,NEVADA DEVELOPMENT AND REALTY CO,30.0,8.0,12650.0,6/13/12,SUP- 44951,VAR-44952, ,SIGN-192930,5x6,0,300, ,1,-115.1753318223609,36.14456837164067
346,0,0,,431,E,BONANZA,13927803008,0,,0.0,0.0,0.0,7/09/13,SUP-48183,,,,,0,750,Approved,5,-115.14034288990263,36.1745312687569
347,0,0,,3100,,STEWART,13936604001,0,,0.0,0.0,0.0,7/09/13,SUP-49534,,,,,0,750,Approved,3,-115.09936680331707,36.16635876169121
348,0,0,,5550,,Painted Mirage,12534116004,0,Khaneh Holdings LLC,0.0,0.0,0.0,7/24/13,SUP-47834,,,,,1,750,Approved,4,-115.25463136603719,36.2619856684514
349,0,0,,3961,E,BONANZA,14031102002,0,,0.0,0.0,0.0,7/09/13,SUP-48180,,,,,0,300,Approved,3,-115.0914026643351,36.173234526021865
350,0,0,,650,N,MOJAVE,13925802006,0,ELITE MEDIA,0.0,0.0,0.0,7/09/13,SUP-48181,,,,,0,300,,3,-115.10553754157809,36.17394399497967
351,0,0,,1400,N,DECATUR,13930101006,0,1,1.0,1.0,1.0,7/09/13,SUP-48182,,,,,0,300,,5,-115.20578652970417,36.18623505755607
352,0,0,,3100,,STEWART,13936604001,0,,0.0,0.0,0.0,08/12/14,SUP-54828,,,,,0,750,Approved,3,-115.10519465185422,36.16708207590335
354,298,71, ,100, ,City,13927410013,0,Clear Channel Outdoor,672.0,71.0,0.0,05/18/05,SUP-5877; U-94-98; Z-100-97,VAR-24021; VAR-6355; VAR-5878,RQR-11403; RQR-5683; RQR-1974,EOT-21831; EOT-21830,14x48,1,750, ,5,-115.14733633346181,36.17452039100995
355,2,2, ,2070,N,RAINBOW,13823215012,13823215012, JA TIBERTI CONSTRUCTION COMPANY,1000.0,97.0,0.0,05/15/96, ,V-0040-96, , ,96X44,0,300, ,5,-115.24178516034608,36.196972237467335
356,91,10, ,1405,N,A St.,13927501003,10490008,EWING REX C JR,0.0,0.0,0.0,1/31/96, ,,, ,,0,750, ,5,-115.14297969522548,36.184635663369086
357,185,33, ,400,S,Decatur,13836601009,0, ,,,, , , , , , ,0,300, ,1,-115.20850988073477,36.16620141690895
